Session ID,Chat End Reason,Agent ID,Group ID,Start Date Time (HH:MM:SS),End Date Time (HH:MM:SS),Last Sent Nice Time
DEMO-2026-06-10-001,TIMEOUT_END_SESSION,AGENT1,CHAT_DEMO,2026-06-10 09:05:00,2026-06-10 09:07:00,2026-06-10 09:06:00
DEMO-2026-06-10-001,TIMEOUT_END_SESSION,,CHAT_DEMO,2026-06-10 09:05:00,2026-06-10 09:06:00,2026-06-10 09:06:00
DEMO-2026-06-10-001,TIMEOUT_END_SESSION,,CHAT_DEMO,2026-06-10 09:05:00,2026-06-10 09:07:00,2026-06-10 09:06:00
DEMO-2026-06-10-002,KAI_END_SESSION,AGENT2,CHAT_DEMO,2026-06-10 09:10:00,2026-06-10 09:12:00,2026-06-10 09:11:00
DEMO-2026-06-10-002,KAI_END_SESSION,,CHAT_DEMO,2026-06-10 09:10:00,2026-06-10 09:11:00,2026-06-10 09:11:00
DEMO-2026-06-10-002,KAI_END_SESSION,,CHAT_DEMO,2026-06-10 09:10:00,2026-06-10 09:12:00,2026-06-10 09:11:00
DEMO-2026-06-10-003,BLANK_CHAT_CUSTOMER,AGENT3,CHAT_DEMO,2026-06-10 09:15:00,2026-06-10 09:17:00,2026-06-10 09:16:00
DEMO-2026-06-10-003,BLANK_CHAT_CUSTOMER,,CHAT_DEMO,2026-06-10 09:15:00,2026-06-10 09:16:00,2026-06-10 09:16:00
DEMO-2026-06-10-004,OTHER_END_SESSION,AGENT4,CHAT_DEMO,2026-06-10 09:20:00,2026-06-10 09:22:00,2026-06-10 09:21:00
DEMO-2026-06-10-004,OTHER_END_SESSION,,CHAT_DEMO,2026-06-10 09:20:00,2026-06-10 09:21:00,2026-06-10 09:21:00
DEMO-2026-06-10-004,OTHER_END_SESSION,,CHAT_DEMO,2026-06-10 09:20:00,2026-06-10 09:22:00,2026-06-10 09:21:00
DEMO-2026-06-10-005,OTHER_END_SESSION,AGENT5,CHAT_DEMO,2026-06-10 09:25:00,2026-06-10 09:27:00,2026-06-10 09:26:00
DEMO-2026-06-10-005,OTHER_END_SESSION,,CHAT_DEMO,2026-06-10 09:25:00,2026-06-10 09:26:00,2026-06-10 09:26:00
DEMO-2026-06-10-005,OTHER_END_SESSION,,CHAT_DEMO,2026-06-10 09:25:00,2026-06-10 09:27:00,2026-06-10 09:26:00
DEMO-2026-06-10-006,OTHER_END_SESSION,AGENT6,CHAT_DEMO,2026-06-10 09:30:00,2026-06-10 09:32:00,2026-06-10 09:31:00
DEMO-2026-06-10-006,OTHER_END_SESSION,,CHAT_DEMO,2026-06-10 09:30:00,2026-06-10 09:31:00,2026-06-10 09:31:00
DEMO-2026-06-10-006,OTHER_END_SESSION,,CHAT_DEMO,2026-06-10 09:30:00,2026-06-10 09:32:00,2026-06-10 09:31:00
DEMO-2026-06-11-001,TIMEOUT_END_SESSION,AGENT1,CHAT_DEMO,2026-06-11 09:05:00,2026-06-11 09:07:00,2026-06-11 09:06:00
DEMO-2026-06-11-001,TIMEOUT_END_SESSION,,CHAT_DEMO,2026-06-11 09:05:00,2026-06-11 09:06:00,2026-06-11 09:06:00
DEMO-2026-06-11-001,TIMEOUT_END_SESSION,,CHAT_DEMO,2026-06-11 09:05:00,2026-06-11 09:07:00,2026-06-11 09:06:00
DEMO-2026-06-11-002,KAI_END_SESSION,AGENT2,CHAT_DEMO,2026-06-11 09:10:00,2026-06-11 09:12:00,2026-06-11 09:11:00
DEMO-2026-06-11-002,KAI_END_SESSION,,CHAT_DEMO,2026-06-11 09:10:00,2026-06-11 09:11:00,2026-06-11 09:11:00
DEMO-2026-06-11-002,KAI_END_SESSION,,CHAT_DEMO,2026-06-11 09:10:00,2026-06-11 09:12:00,2026-06-11 09:11:00
DEMO-2026-06-11-003,BLANK_CHAT_CUSTOMER,AGENT3,CHAT_DEMO,2026-06-11 09:15:00,2026-06-11 09:17:00,2026-06-11 09:16:00
DEMO-2026-06-11-003,BLANK_CHAT_CUSTOMER,,CHAT_DEMO,2026-06-11 09:15:00,2026-06-11 09:16:00,2026-06-11 09:16:00
DEMO-2026-06-11-004,OTHER_END_SESSION,AGENT4,CHAT_DEMO,2026-06-11 09:20:00,2026-06-11 09:22:00,2026-06-11 09:21:00
DEMO-2026-06-11-004,OTHER_END_SESSION,,CHAT_DEMO,2026-06-11 09:20:00,2026-06-11 09:21:00,2026-06-11 09:21:00
DEMO-2026-06-11-004,OTHER_END_SESSION,,CHAT_DEMO,2026-06-11 09:20:00,2026-06-11 09:22:00,2026-06-11 09:21:00
DEMO-2026-06-11-005,OTHER_END_SESSION,AGENT5,CHAT_DEMO,2026-06-11 09:25:00,2026-06-11 09:27:00,2026-06-11 09:26:00
DEMO-2026-06-11-005,OTHER_END_SESSION,,CHAT_DEMO,2026-06-11 09:25:00,2026-06-11 09:26:00,2026-06-11 09:26:00
DEMO-2026-06-11-005,OTHER_END_SESSION,,CHAT_DEMO,2026-06-11 09:25:00,2026-06-11 09:27:00,2026-06-11 09:26:00
DEMO-2026-06-11-006,OTHER_END_SESSION,AGENT6,CHAT_DEMO,2026-06-11 09:30:00,2026-06-11 09:32:00,2026-06-11 09:31:00
DEMO-2026-06-11-006,OTHER_END_SESSION,,CHAT_DEMO,2026-06-11 09:30:00,2026-06-11 09:31:00,2026-06-11 09:31:00
DEMO-2026-06-11-006,OTHER_END_SESSION,,CHAT_DEMO,2026-06-11 09:30:00,2026-06-11 09:32:00,2026-06-11 09:31:00
DEMO-2026-06-12-001,TIMEOUT_END_SESSION,AGENT1,CHAT_DEMO,2026-06-12 09:05:00,2026-06-12 09:07:00,2026-06-12 09:06:00
DEMO-2026-06-12-001,TIMEOUT_END_SESSION,,CHAT_DEMO,2026-06-12 09:05:00,2026-06-12 09:06:00,2026-06-12 09:06:00
DEMO-2026-06-12-001,TIMEOUT_END_SESSION,,CHAT_DEMO,2026-06-12 09:05:00,2026-06-12 09:07:00,2026-06-12 09:06:00
DEMO-2026-06-12-002,KAI_END_SESSION,AGENT2,CHAT_DEMO,2026-06-12 09:10:00,2026-06-12 09:12:00,2026-06-12 09:11:00
DEMO-2026-06-12-002,KAI_END_SESSION,,CHAT_DEMO,2026-06-12 09:10:00,2026-06-12 09:11:00,2026-06-12 09:11:00
DEMO-2026-06-12-002,KAI_END_SESSION,,CHAT_DEMO,2026-06-12 09:10:00,2026-06-12 09:12:00,2026-06-12 09:11:00
DEMO-2026-06-12-003,BLANK_CHAT_CUSTOMER,AGENT3,CHAT_DEMO,2026-06-12 09:15:00,2026-06-12 09:17:00,2026-06-12 09:16:00
DEMO-2026-06-12-003,BLANK_CHAT_CUSTOMER,,CHAT_DEMO,2026-06-12 09:15:00,2026-06-12 09:16:00,2026-06-12 09:16:00
DEMO-2026-06-12-004,OTHER_END_SESSION,AGENT4,CHAT_DEMO,2026-06-12 09:20:00,2026-06-12 09:22:00,2026-06-12 09:21:00
DEMO-2026-06-12-004,OTHER_END_SESSION,,CHAT_DEMO,2026-06-12 09:20:00,2026-06-12 09:21:00,2026-06-12 09:21:00
DEMO-2026-06-12-004,OTHER_END_SESSION,,CHAT_DEMO,2026-06-12 09:20:00,2026-06-12 09:22:00,2026-06-12 09:21:00
DEMO-2026-06-12-005,OTHER_END_SESSION,AGENT5,CHAT_DEMO,2026-06-12 09:25:00,2026-06-12 09:27:00,2026-06-12 09:26:00
DEMO-2026-06-12-005,OTHER_END_SESSION,,CHAT_DEMO,2026-06-12 09:25:00,2026-06-12 09:26:00,2026-06-12 09:26:00
DEMO-2026-06-12-005,OTHER_END_SESSION,,CHAT_DEMO,2026-06-12 09:25:00,2026-06-12 09:27:00,2026-06-12 09:26:00
DEMO-2026-06-12-006,OTHER_END_SESSION,AGENT6,CHAT_DEMO,2026-06-12 09:30:00,2026-06-12 09:32:00,2026-06-12 09:31:00
DEMO-2026-06-12-006,OTHER_END_SESSION,,CHAT_DEMO,2026-06-12 09:30:00,2026-06-12 09:31:00,2026-06-12 09:31:00
DEMO-2026-06-12-006,OTHER_END_SESSION,,CHAT_DEMO,2026-06-12 09:30:00,2026-06-12 09:32:00,2026-06-12 09:31:00
DEMO-2026-06-13-001,TIMEOUT_END_SESSION,AGENT1,CHAT_DEMO,2026-06-13 09:05:00,2026-06-13 09:07:00,2026-06-13 09:06:00
DEMO-2026-06-13-001,TIMEOUT_END_SESSION,,CHAT_DEMO,2026-06-13 09:05:00,2026-06-13 09:06:00,2026-06-13 09:06:00
DEMO-2026-06-13-001,TIMEOUT_END_SESSION,,CHAT_DEMO,2026-06-13 09:05:00,2026-06-13 09:07:00,2026-06-13 09:06:00
DEMO-2026-06-13-002,KAI_END_SESSION,AGENT2,CHAT_DEMO,2026-06-13 09:10:00,2026-06-13 09:12:00,2026-06-13 09:11:00
DEMO-2026-06-13-002,KAI_END_SESSION,,CHAT_DEMO,2026-06-13 09:10:00,2026-06-13 09:11:00,2026-06-13 09:11:00
DEMO-2026-06-13-002,KAI_END_SESSION,,CHAT_DEMO,2026-06-13 09:10:00,2026-06-13 09:12:00,2026-06-13 09:11:00
DEMO-2026-06-13-003,BLANK_CHAT_CUSTOMER,AGENT3,CHAT_DEMO,2026-06-13 09:15:00,2026-06-13 09:17:00,2026-06-13 09:16:00
DEMO-2026-06-13-003,BLANK_CHAT_CUSTOMER,,CHAT_DEMO,2026-06-13 09:15:00,2026-06-13 09:16:00,2026-06-13 09:16:00
DEMO-2026-06-13-004,OTHER_END_SESSION,AGENT4,CHAT_DEMO,2026-06-13 09:20:00,2026-06-13 09:22:00,2026-06-13 09:21:00
DEMO-2026-06-13-004,OTHER_END_SESSION,,CHAT_DEMO,2026-06-13 09:20:00,2026-06-13 09:21:00,2026-06-13 09:21:00
DEMO-2026-06-13-004,OTHER_END_SESSION,,CHAT_DEMO,2026-06-13 09:20:00,2026-06-13 09:22:00,2026-06-13 09:21:00
DEMO-2026-06-13-005,OTHER_END_SESSION,AGENT5,CHAT_DEMO,2026-06-13 09:25:00,2026-06-13 09:27:00,2026-06-13 09:26:00
DEMO-2026-06-13-005,OTHER_END_SESSION,,CHAT_DEMO,2026-06-13 09:25:00,2026-06-13 09:26:00,2026-06-13 09:26:00
DEMO-2026-06-13-005,OTHER_END_SESSION,,CHAT_DEMO,2026-06-13 09:25:00,2026-06-13 09:27:00,2026-06-13 09:26:00
DEMO-2026-06-13-006,OTHER_END_SESSION,AGENT6,CHAT_DEMO,2026-06-13 09:30:00,2026-06-13 09:32:00,2026-06-13 09:31:00
DEMO-2026-06-13-006,OTHER_END_SESSION,,CHAT_DEMO,2026-06-13 09:30:00,2026-06-13 09:31:00,2026-06-13 09:31:00
DEMO-2026-06-13-006,OTHER_END_SESSION,,CHAT_DEMO,2026-06-13 09:30:00,2026-06-13 09:32:00,2026-06-13 09:31:00
DEMO-2026-06-14-001,TIMEOUT_END_SESSION,AGENT1,CHAT_DEMO,2026-06-14 09:05:00,2026-06-14 09:07:00,2026-06-14 09:06:00
DEMO-2026-06-14-001,TIMEOUT_END_SESSION,,CHAT_DEMO,2026-06-14 09:05:00,2026-06-14 09:06:00,2026-06-14 09:06:00
DEMO-2026-06-14-001,TIMEOUT_END_SESSION,,CHAT_DEMO,2026-06-14 09:05:00,2026-06-14 09:07:00,2026-06-14 09:06:00
DEMO-2026-06-14-002,KAI_END_SESSION,AGENT2,CHAT_DEMO,2026-06-14 09:10:00,2026-06-14 09:12:00,2026-06-14 09:11:00
DEMO-2026-06-14-002,KAI_END_SESSION,,CHAT_DEMO,2026-06-14 09:10:00,2026-06-14 09:11:00,2026-06-14 09:11:00
DEMO-2026-06-14-002,KAI_END_SESSION,,CHAT_DEMO,2026-06-14 09:10:00,2026-06-14 09:12:00,2026-06-14 09:11:00
DEMO-2026-06-14-003,BLANK_CHAT_CUSTOMER,AGENT3,CHAT_DEMO,2026-06-14 09:15:00,2026-06-14 09:17:00,2026-06-14 09:16:00
DEMO-2026-06-14-003,BLANK_CHAT_CUSTOMER,,CHAT_DEMO,2026-06-14 09:15:00,2026-06-14 09:16:00,2026-06-14 09:16:00
DEMO-2026-06-14-004,OTHER_END_SESSION,AGENT4,CHAT_DEMO,2026-06-14 09:20:00,2026-06-14 09:22:00,2026-06-14 09:21:00
DEMO-2026-06-14-004,OTHER_END_SESSION,,CHAT_DEMO,2026-06-14 09:20:00,2026-06-14 09:21:00,2026-06-14 09:21:00
DEMO-2026-06-14-004,OTHER_END_SESSION,,CHAT_DEMO,2026-06-14 09:20:00,2026-06-14 09:22:00,2026-06-14 09:21:00
DEMO-2026-06-14-005,OTHER_END_SESSION,AGENT5,CHAT_DEMO,2026-06-14 09:25:00,2026-06-14 09:27:00,2026-06-14 09:26:00
DEMO-2026-06-14-005,OTHER_END_SESSION,,CHAT_DEMO,2026-06-14 09:25:00,2026-06-14 09:26:00,2026-06-14 09:26:00
DEMO-2026-06-14-005,OTHER_END_SESSION,,CHAT_DEMO,2026-06-14 09:25:00,2026-06-14 09:27:00,2026-06-14 09:26:00
DEMO-2026-06-14-006,OTHER_END_SESSION,AGENT6,CHAT_DEMO,2026-06-14 09:30:00,2026-06-14 09:32:00,2026-06-14 09:31:00
DEMO-2026-06-14-006,OTHER_END_SESSION,,CHAT_DEMO,2026-06-14 09:30:00,2026-06-14 09:31:00,2026-06-14 09:31:00
DEMO-2026-06-14-006,OTHER_END_SESSION,,CHAT_DEMO,2026-06-14 09:30:00,2026-06-14 09:32:00,2026-06-14 09:31:00
DEMO-2026-06-15-001,TIMEOUT_END_SESSION,AGENT1,CHAT_DEMO,2026-06-15 09:05:00,2026-06-15 09:07:00,2026-06-15 09:06:00
DEMO-2026-06-15-001,TIMEOUT_END_SESSION,,CHAT_DEMO,2026-06-15 09:05:00,2026-06-15 09:06:00,2026-06-15 09:06:00
DEMO-2026-06-15-001,TIMEOUT_END_SESSION,,CHAT_DEMO,2026-06-15 09:05:00,2026-06-15 09:07:00,2026-06-15 09:06:00
DEMO-2026-06-15-002,KAI_END_SESSION,AGENT2,CHAT_DEMO,2026-06-15 09:10:00,2026-06-15 09:12:00,2026-06-15 09:11:00
DEMO-2026-06-15-002,KAI_END_SESSION,,CHAT_DEMO,2026-06-15 09:10:00,2026-06-15 09:11:00,2026-06-15 09:11:00
DEMO-2026-06-15-002,KAI_END_SESSION,,CHAT_DEMO,2026-06-15 09:10:00,2026-06-15 09:12:00,2026-06-15 09:11:00
DEMO-2026-06-15-003,BLANK_CHAT_CUSTOMER,AGENT3,CHAT_DEMO,2026-06-15 09:15:00,2026-06-15 09:17:00,2026-06-15 09:16:00
DEMO-2026-06-15-003,BLANK_CHAT_CUSTOMER,,CHAT_DEMO,2026-06-15 09:15:00,2026-06-15 09:16:00,2026-06-15 09:16:00
DEMO-2026-06-15-004,OTHER_END_SESSION,AGENT4,CHAT_DEMO,2026-06-15 09:20:00,2026-06-15 09:22:00,2026-06-15 09:21:00
DEMO-2026-06-15-004,OTHER_END_SESSION,,CHAT_DEMO,2026-06-15 09:20:00,2026-06-15 09:21:00,2026-06-15 09:21:00
DEMO-2026-06-15-004,OTHER_END_SESSION,,CHAT_DEMO,2026-06-15 09:20:00,2026-06-15 09:22:00,2026-06-15 09:21:00
DEMO-2026-06-15-005,OTHER_END_SESSION,AGENT5,CHAT_DEMO,2026-06-15 09:25:00,2026-06-15 09:27:00,2026-06-15 09:26:00
DEMO-2026-06-15-005,OTHER_END_SESSION,,CHAT_DEMO,2026-06-15 09:25:00,2026-06-15 09:26:00,2026-06-15 09:26:00
DEMO-2026-06-15-005,OTHER_END_SESSION,,CHAT_DEMO,2026-06-15 09:25:00,2026-06-15 09:27:00,2026-06-15 09:26:00
DEMO-2026-06-15-006,OTHER_END_SESSION,AGENT6,CHAT_DEMO,2026-06-15 09:30:00,2026-06-15 09:32:00,2026-06-15 09:31:00
DEMO-2026-06-15-006,OTHER_END_SESSION,,CHAT_DEMO,2026-06-15 09:30:00,2026-06-15 09:31:00,2026-06-15 09:31:00
DEMO-2026-06-15-006,OTHER_END_SESSION,,CHAT_DEMO,2026-06-15 09:30:00,2026-06-15 09:32:00,2026-06-15 09:31:00
DEMO-2026-06-16-001,TIMEOUT_END_SESSION,AGENT1,CHAT_DEMO,2026-06-16 09:05:00,2026-06-16 09:07:00,2026-06-16 09:06:00
DEMO-2026-06-16-001,TIMEOUT_END_SESSION,,CHAT_DEMO,2026-06-16 09:05:00,2026-06-16 09:06:00,2026-06-16 09:06:00
DEMO-2026-06-16-001,TIMEOUT_END_SESSION,,CHAT_DEMO,2026-06-16 09:05:00,2026-06-16 09:07:00,2026-06-16 09:06:00
DEMO-2026-06-16-002,KAI_END_SESSION,AGENT2,CHAT_DEMO,2026-06-16 09:10:00,2026-06-16 09:12:00,2026-06-16 09:11:00
DEMO-2026-06-16-002,KAI_END_SESSION,,CHAT_DEMO,2026-06-16 09:10:00,2026-06-16 09:11:00,2026-06-16 09:11:00
DEMO-2026-06-16-002,KAI_END_SESSION,,CHAT_DEMO,2026-06-16 09:10:00,2026-06-16 09:12:00,2026-06-16 09:11:00
DEMO-2026-06-16-003,BLANK_CHAT_CUSTOMER,AGENT3,CHAT_DEMO,2026-06-16 09:15:00,2026-06-16 09:17:00,2026-06-16 09:16:00
DEMO-2026-06-16-003,BLANK_CHAT_CUSTOMER,,CHAT_DEMO,2026-06-16 09:15:00,2026-06-16 09:16:00,2026-06-16 09:16:00
DEMO-2026-06-16-004,OTHER_END_SESSION,AGENT4,CHAT_DEMO,2026-06-16 09:20:00,2026-06-16 09:22:00,2026-06-16 09:21:00
DEMO-2026-06-16-004,OTHER_END_SESSION,,CHAT_DEMO,2026-06-16 09:20:00,2026-06-16 09:21:00,2026-06-16 09:21:00
DEMO-2026-06-16-004,OTHER_END_SESSION,,CHAT_DEMO,2026-06-16 09:20:00,2026-06-16 09:22:00,2026-06-16 09:21:00
DEMO-2026-06-16-005,OTHER_END_SESSION,AGENT5,CHAT_DEMO,2026-06-16 09:25:00,2026-06-16 09:27:00,2026-06-16 09:26:00
DEMO-2026-06-16-005,OTHER_END_SESSION,,CHAT_DEMO,2026-06-16 09:25:00,2026-06-16 09:26:00,2026-06-16 09:26:00
DEMO-2026-06-16-005,OTHER_END_SESSION,,CHAT_DEMO,2026-06-16 09:25:00,2026-06-16 09:27:00,2026-06-16 09:26:00
DEMO-2026-06-16-006,OTHER_END_SESSION,AGENT6,CHAT_DEMO,2026-06-16 09:30:00,2026-06-16 09:32:00,2026-06-16 09:31:00
DEMO-2026-06-16-006,OTHER_END_SESSION,,CHAT_DEMO,2026-06-16 09:30:00,2026-06-16 09:31:00,2026-06-16 09:31:00
DEMO-2026-06-16-006,OTHER_END_SESSION,,CHAT_DEMO,2026-06-16 09:30:00,2026-06-16 09:32:00,2026-06-16 09:31:00
DEMO-2026-06-17-001,TIMEOUT_END_SESSION,AGENT1,CHAT_DEMO,2026-06-17 09:05:00,2026-06-17 09:07:00,2026-06-17 09:06:00
DEMO-2026-06-17-001,TIMEOUT_END_SESSION,,CHAT_DEMO,2026-06-17 09:05:00,2026-06-17 09:06:00,2026-06-17 09:06:00
DEMO-2026-06-17-001,TIMEOUT_END_SESSION,,CHAT_DEMO,2026-06-17 09:05:00,2026-06-17 09:07:00,2026-06-17 09:06:00
DEMO-2026-06-17-002,KAI_END_SESSION,AGENT2,CHAT_DEMO,2026-06-17 09:10:00,2026-06-17 09:12:00,2026-06-17 09:11:00
DEMO-2026-06-17-002,KAI_END_SESSION,,CHAT_DEMO,2026-06-17 09:10:00,2026-06-17 09:11:00,2026-06-17 09:11:00
DEMO-2026-06-17-002,KAI_END_SESSION,,CHAT_DEMO,2026-06-17 09:10:00,2026-06-17 09:12:00,2026-06-17 09:11:00
DEMO-2026-06-17-003,BLANK_CHAT_CUSTOMER,AGENT3,CHAT_DEMO,2026-06-17 09:15:00,2026-06-17 09:17:00,2026-06-17 09:16:00
DEMO-2026-06-17-003,BLANK_CHAT_CUSTOMER,,CHAT_DEMO,2026-06-17 09:15:00,2026-06-17 09:16:00,2026-06-17 09:16:00
DEMO-2026-06-17-004,OTHER_END_SESSION,AGENT4,CHAT_DEMO,2026-06-17 09:20:00,2026-06-17 09:22:00,2026-06-17 09:21:00
DEMO-2026-06-17-004,OTHER_END_SESSION,,CHAT_DEMO,2026-06-17 09:20:00,2026-06-17 09:21:00,2026-06-17 09:21:00
DEMO-2026-06-17-004,OTHER_END_SESSION,,CHAT_DEMO,2026-06-17 09:20:00,2026-06-17 09:22:00,2026-06-17 09:21:00
DEMO-2026-06-17-005,OTHER_END_SESSION,AGENT5,CHAT_DEMO,2026-06-17 09:25:00,2026-06-17 09:27:00,2026-06-17 09:26:00
DEMO-2026-06-17-005,OTHER_END_SESSION,,CHAT_DEMO,2026-06-17 09:25:00,2026-06-17 09:26:00,2026-06-17 09:26:00
DEMO-2026-06-17-005,OTHER_END_SESSION,,CHAT_DEMO,2026-06-17 09:25:00,2026-06-17 09:27:00,2026-06-17 09:26:00
DEMO-2026-06-17-006,OTHER_END_SESSION,AGENT6,CHAT_DEMO,2026-06-17 09:30:00,2026-06-17 09:32:00,2026-06-17 09:31:00
DEMO-2026-06-17-006,OTHER_END_SESSION,,CHAT_DEMO,2026-06-17 09:30:00,2026-06-17 09:31:00,2026-06-17 09:31:00
DEMO-2026-06-17-006,OTHER_END_SESSION,,CHAT_DEMO,2026-06-17 09:30:00,2026-06-17 09:32:00,2026-06-17 09:31:00
DEMO-2026-06-18-001,TIMEOUT_END_SESSION,AGENT1,CHAT_DEMO,2026-06-18 09:05:00,2026-06-18 09:07:00,2026-06-18 09:06:00
DEMO-2026-06-18-001,TIMEOUT_END_SESSION,,CHAT_DEMO,2026-06-18 09:05:00,2026-06-18 09:06:00,2026-06-18 09:06:00
DEMO-2026-06-18-001,TIMEOUT_END_SESSION,,CHAT_DEMO,2026-06-18 09:05:00,2026-06-18 09:07:00,2026-06-18 09:06:00
DEMO-2026-06-18-002,KAI_END_SESSION,AGENT2,CHAT_DEMO,2026-06-18 09:10:00,2026-06-18 09:12:00,2026-06-18 09:11:00
DEMO-2026-06-18-002,KAI_END_SESSION,,CHAT_DEMO,2026-06-18 09:10:00,2026-06-18 09:11:00,2026-06-18 09:11:00
DEMO-2026-06-18-002,KAI_END_SESSION,,CHAT_DEMO,2026-06-18 09:10:00,2026-06-18 09:12:00,2026-06-18 09:11:00
DEMO-2026-06-18-003,BLANK_CHAT_CUSTOMER,AGENT3,CHAT_DEMO,2026-06-18 09:15:00,2026-06-18 09:17:00,2026-06-18 09:16:00
DEMO-2026-06-18-003,BLANK_CHAT_CUSTOMER,,CHAT_DEMO,2026-06-18 09:15:00,2026-06-18 09:16:00,2026-06-18 09:16:00
DEMO-2026-06-18-004,OTHER_END_SESSION,AGENT4,CHAT_DEMO,2026-06-18 09:20:00,2026-06-18 09:22:00,2026-06-18 09:21:00
DEMO-2026-06-18-004,OTHER_END_SESSION,,CHAT_DEMO,2026-06-18 09:20:00,2026-06-18 09:21:00,2026-06-18 09:21:00
DEMO-2026-06-18-004,OTHER_END_SESSION,,CHAT_DEMO,2026-06-18 09:20:00,2026-06-18 09:22:00,2026-06-18 09:21:00
DEMO-2026-06-18-005,OTHER_END_SESSION,AGENT5,CHAT_DEMO,2026-06-18 09:25:00,2026-06-18 09:27:00,2026-06-18 09:26:00
DEMO-2026-06-18-005,OTHER_END_SESSION,,CHAT_DEMO,2026-06-18 09:25:00,2026-06-18 09:26:00,2026-06-18 09:26:00
DEMO-2026-06-18-005,OTHER_END_SESSION,,CHAT_DEMO,2026-06-18 09:25:00,2026-06-18 09:27:00,2026-06-18 09:26:00
DEMO-2026-06-18-006,OTHER_END_SESSION,AGENT6,CHAT_DEMO,2026-06-18 09:30:00,2026-06-18 09:32:00,2026-06-18 09:31:00
DEMO-2026-06-18-006,OTHER_END_SESSION,,CHAT_DEMO,2026-06-18 09:30:00,2026-06-18 09:31:00,2026-06-18 09:31:00
DEMO-2026-06-18-006,OTHER_END_SESSION,,CHAT_DEMO,2026-06-18 09:30:00,2026-06-18 09:32:00,2026-06-18 09:31:00
DEMO-2026-06-19-001,TIMEOUT_END_SESSION,AGENT1,CHAT_DEMO,2026-06-19 09:05:00,2026-06-19 09:07:00,2026-06-19 09:06:00
DEMO-2026-06-19-001,TIMEOUT_END_SESSION,,CHAT_DEMO,2026-06-19 09:05:00,2026-06-19 09:06:00,2026-06-19 09:06:00
DEMO-2026-06-19-001,TIMEOUT_END_SESSION,,CHAT_DEMO,2026-06-19 09:05:00,2026-06-19 09:07:00,2026-06-19 09:06:00
DEMO-2026-06-19-002,KAI_END_SESSION,AGENT2,CHAT_DEMO,2026-06-19 09:10:00,2026-06-19 09:12:00,2026-06-19 09:11:00
DEMO-2026-06-19-002,KAI_END_SESSION,,CHAT_DEMO,2026-06-19 09:10:00,2026-06-19 09:11:00,2026-06-19 09:11:00
DEMO-2026-06-19-002,KAI_END_SESSION,,CHAT_DEMO,2026-06-19 09:10:00,2026-06-19 09:12:00,2026-06-19 09:11:00
DEMO-2026-06-19-003,BLANK_CHAT_CUSTOMER,AGENT3,CHAT_DEMO,2026-06-19 09:15:00,2026-06-19 09:17:00,2026-06-19 09:16:00
DEMO-2026-06-19-003,BLANK_CHAT_CUSTOMER,,CHAT_DEMO,2026-06-19 09:15:00,2026-06-19 09:16:00,2026-06-19 09:16:00
DEMO-2026-06-19-004,OTHER_END_SESSION,AGENT4,CHAT_DEMO,2026-06-19 09:20:00,2026-06-19 09:22:00,2026-06-19 09:21:00
DEMO-2026-06-19-004,OTHER_END_SESSION,,CHAT_DEMO,2026-06-19 09:20:00,2026-06-19 09:21:00,2026-06-19 09:21:00
DEMO-2026-06-19-004,OTHER_END_SESSION,,CHAT_DEMO,2026-06-19 09:20:00,2026-06-19 09:22:00,2026-06-19 09:21:00
DEMO-2026-06-19-005,OTHER_END_SESSION,AGENT5,CHAT_DEMO,2026-06-19 09:25:00,2026-06-19 09:27:00,2026-06-19 09:26:00
DEMO-2026-06-19-005,OTHER_END_SESSION,,CHAT_DEMO,2026-06-19 09:25:00,2026-06-19 09:26:00,2026-06-19 09:26:00
DEMO-2026-06-19-005,OTHER_END_SESSION,,CHAT_DEMO,2026-06-19 09:25:00,2026-06-19 09:27:00,2026-06-19 09:26:00
DEMO-2026-06-19-006,OTHER_END_SESSION,AGENT6,CHAT_DEMO,2026-06-19 09:30:00,2026-06-19 09:32:00,2026-06-19 09:31:00
DEMO-2026-06-19-006,OTHER_END_SESSION,,CHAT_DEMO,2026-06-19 09:30:00,2026-06-19 09:31:00,2026-06-19 09:31:00
DEMO-2026-06-19-006,OTHER_END_SESSION,,CHAT_DEMO,2026-06-19 09:30:00,2026-06-19 09:32:00,2026-06-19 09:31:00
DEMO-2026-06-20-001,TIMEOUT_END_SESSION,AGENT1,CHAT_DEMO,2026-06-20 09:05:00,2026-06-20 09:07:00,2026-06-20 09:06:00
DEMO-2026-06-20-001,TIMEOUT_END_SESSION,,CHAT_DEMO,2026-06-20 09:05:00,2026-06-20 09:06:00,2026-06-20 09:06:00
DEMO-2026-06-20-001,TIMEOUT_END_SESSION,,CHAT_DEMO,2026-06-20 09:05:00,2026-06-20 09:07:00,2026-06-20 09:06:00
DEMO-2026-06-20-002,KAI_END_SESSION,AGENT2,CHAT_DEMO,2026-06-20 09:10:00,2026-06-20 09:12:00,2026-06-20 09:11:00
DEMO-2026-06-20-002,KAI_END_SESSION,,CHAT_DEMO,2026-06-20 09:10:00,2026-06-20 09:11:00,2026-06-20 09:11:00
DEMO-2026-06-20-002,KAI_END_SESSION,,CHAT_DEMO,2026-06-20 09:10:00,2026-06-20 09:12:00,2026-06-20 09:11:00
DEMO-2026-06-20-003,BLANK_CHAT_CUSTOMER,AGENT3,CHAT_DEMO,2026-06-20 09:15:00,2026-06-20 09:17:00,2026-06-20 09:16:00
DEMO-2026-06-20-003,BLANK_CHAT_CUSTOMER,,CHAT_DEMO,2026-06-20 09:15:00,2026-06-20 09:16:00,2026-06-20 09:16:00
DEMO-2026-06-20-004,OTHER_END_SESSION,AGENT4,CHAT_DEMO,2026-06-20 09:20:00,2026-06-20 09:22:00,2026-06-20 09:21:00
DEMO-2026-06-20-004,OTHER_END_SESSION,,CHAT_DEMO,2026-06-20 09:20:00,2026-06-20 09:21:00,2026-06-20 09:21:00
DEMO-2026-06-20-004,OTHER_END_SESSION,,CHAT_DEMO,2026-06-20 09:20:00,2026-06-20 09:22:00,2026-06-20 09:21:00
DEMO-2026-06-20-005,OTHER_END_SESSION,AGENT5,CHAT_DEMO,2026-06-20 09:25:00,2026-06-20 09:27:00,2026-06-20 09:26:00
DEMO-2026-06-20-005,OTHER_END_SESSION,,CHAT_DEMO,2026-06-20 09:25:00,2026-06-20 09:26:00,2026-06-20 09:26:00
DEMO-2026-06-20-005,OTHER_END_SESSION,,CHAT_DEMO,2026-06-20 09:25:00,2026-06-20 09:27:00,2026-06-20 09:26:00
DEMO-2026-06-20-006,OTHER_END_SESSION,AGENT6,CHAT_DEMO,2026-06-20 09:30:00,2026-06-20 09:32:00,2026-06-20 09:31:00
DEMO-2026-06-20-006,OTHER_END_SESSION,,CHAT_DEMO,2026-06-20 09:30:00,2026-06-20 09:31:00,2026-06-20 09:31:00
DEMO-2026-06-20-006,OTHER_END_SESSION,,CHAT_DEMO,2026-06-20 09:30:00,2026-06-20 09:32:00,2026-06-20 09:31:00
DEMO-2026-09-01-001,TIMEOUT_END_SESSION,AGENT1,CHAT_DEMO,2026-09-01 09:05:00,2026-09-01 09:07:00,2026-09-01 09:06:00
DEMO-2026-09-01-001,TIMEOUT_END_SESSION,,CHAT_DEMO,2026-09-01 09:05:00,2026-09-01 09:06:00,2026-09-01 09:06:00
DEMO-2026-09-01-001,TIMEOUT_END_SESSION,,CHAT_DEMO,2026-09-01 09:05:00,2026-09-01 09:07:00,2026-09-01 09:06:00
DEMO-2026-09-01-002,KAI_END_SESSION,AGENT2,CHAT_DEMO,2026-09-01 09:10:00,2026-09-01 09:12:00,2026-09-01 09:11:00
DEMO-2026-09-01-002,KAI_END_SESSION,,CHAT_DEMO,2026-09-01 09:10:00,2026-09-01 09:11:00,2026-09-01 09:11:00
DEMO-2026-09-01-002,KAI_END_SESSION,,CHAT_DEMO,2026-09-01 09:10:00,2026-09-01 09:12:00,2026-09-01 09:11:00
DEMO-2026-09-01-003,BLANK_CHAT_CUSTOMER,AGENT3,CHAT_DEMO,2026-09-01 09:15:00,2026-09-01 09:17:00,2026-09-01 09:16:00
DEMO-2026-09-01-003,BLANK_CHAT_CUSTOMER,,CHAT_DEMO,2026-09-01 09:15:00,2026-09-01 09:16:00,2026-09-01 09:16:00
DEMO-2026-09-01-004,OTHER_END_SESSION,AGENT4,CHAT_DEMO,2026-09-01 09:20:00,2026-09-01 09:22:00,2026-09-01 09:21:00
DEMO-2026-09-01-004,OTHER_END_SESSION,,CHAT_DEMO,2026-09-01 09:20:00,2026-09-01 09:21:00,2026-09-01 09:21:00
DEMO-2026-09-01-004,OTHER_END_SESSION,,CHAT_DEMO,2026-09-01 09:20:00,2026-09-01 09:22:00,2026-09-01 09:21:00
DEMO-2026-09-01-005,OTHER_END_SESSION,AGENT5,CHAT_DEMO,2026-09-01 09:25:00,2026-09-01 09:27:00,2026-09-01 09:26:00
DEMO-2026-09-01-005,OTHER_END_SESSION,,CHAT_DEMO,2026-09-01 09:25:00,2026-09-01 09:26:00,2026-09-01 09:26:00
DEMO-2026-09-01-005,OTHER_END_SESSION,,CHAT_DEMO,2026-09-01 09:25:00,2026-09-01 09:27:00,2026-09-01 09:26:00
DEMO-2026-09-01-006,OTHER_END_SESSION,AGENT6,CHAT_DEMO,2026-09-01 09:30:00,2026-09-01 09:32:00,2026-09-01 09:31:00
DEMO-2026-09-01-006,OTHER_END_SESSION,,CHAT_DEMO,2026-09-01 09:30:00,2026-09-01 09:31:00,2026-09-01 09:31:00
DEMO-2026-09-01-006,OTHER_END_SESSION,,CHAT_DEMO,2026-09-01 09:30:00,2026-09-01 09:32:00,2026-09-01 09:31:00
DEMO-2026-09-02-001,TIMEOUT_END_SESSION,AGENT1,CHAT_DEMO,2026-09-02 09:05:00,2026-09-02 09:07:00,2026-09-02 09:06:00
DEMO-2026-09-02-001,TIMEOUT_END_SESSION,,CHAT_DEMO,2026-09-02 09:05:00,2026-09-02 09:06:00,2026-09-02 09:06:00
DEMO-2026-09-02-001,TIMEOUT_END_SESSION,,CHAT_DEMO,2026-09-02 09:05:00,2026-09-02 09:07:00,2026-09-02 09:06:00
DEMO-2026-09-02-002,KAI_END_SESSION,AGENT2,CHAT_DEMO,2026-09-02 09:10:00,2026-09-02 09:12:00,2026-09-02 09:11:00
DEMO-2026-09-02-002,KAI_END_SESSION,,CHAT_DEMO,2026-09-02 09:10:00,2026-09-02 09:11:00,2026-09-02 09:11:00
DEMO-2026-09-02-002,KAI_END_SESSION,,CHAT_DEMO,2026-09-02 09:10:00,2026-09-02 09:12:00,2026-09-02 09:11:00
DEMO-2026-09-02-003,BLANK_CHAT_CUSTOMER,AGENT3,CHAT_DEMO,2026-09-02 09:15:00,2026-09-02 09:17:00,2026-09-02 09:16:00
DEMO-2026-09-02-003,BLANK_CHAT_CUSTOMER,,CHAT_DEMO,2026-09-02 09:15:00,2026-09-02 09:16:00,2026-09-02 09:16:00
DEMO-2026-09-02-004,OTHER_END_SESSION,AGENT4,CHAT_DEMO,2026-09-02 09:20:00,2026-09-02 09:22:00,2026-09-02 09:21:00
DEMO-2026-09-02-004,OTHER_END_SESSION,,CHAT_DEMO,2026-09-02 09:20:00,2026-09-02 09:21:00,2026-09-02 09:21:00
DEMO-2026-09-02-004,OTHER_END_SESSION,,CHAT_DEMO,2026-09-02 09:20:00,2026-09-02 09:22:00,2026-09-02 09:21:00
DEMO-2026-09-02-005,OTHER_END_SESSION,AGENT5,CHAT_DEMO,2026-09-02 09:25:00,2026-09-02 09:27:00,2026-09-02 09:26:00
DEMO-2026-09-02-005,OTHER_END_SESSION,,CHAT_DEMO,2026-09-02 09:25:00,2026-09-02 09:26:00,2026-09-02 09:26:00
DEMO-2026-09-02-005,OTHER_END_SESSION,,CHAT_DEMO,2026-09-02 09:25:00,2026-09-02 09:27:00,2026-09-02 09:26:00
DEMO-2026-09-02-006,OTHER_END_SESSION,AGENT6,CHAT_DEMO,2026-09-02 09:30:00,2026-09-02 09:32:00,2026-09-02 09:31:00
DEMO-2026-09-02-006,OTHER_END_SESSION,,CHAT_DEMO,2026-09-02 09:30:00,2026-09-02 09:31:00,2026-09-02 09:31:00
DEMO-2026-09-02-006,OTHER_END_SESSION,,CHAT_DEMO,2026-09-02 09:30:00,2026-09-02 09:32:00,2026-09-02 09:31:00
DEMO-2026-09-03-001,TIMEOUT_END_SESSION,AGENT1,CHAT_DEMO,2026-09-03 09:05:00,2026-09-03 09:07:00,2026-09-03 09:06:00
DEMO-2026-09-03-001,TIMEOUT_END_SESSION,,CHAT_DEMO,2026-09-03 09:05:00,2026-09-03 09:06:00,2026-09-03 09:06:00
DEMO-2026-09-03-001,TIMEOUT_END_SESSION,,CHAT_DEMO,2026-09-03 09:05:00,2026-09-03 09:07:00,2026-09-03 09:06:00
DEMO-2026-09-03-002,KAI_END_SESSION,AGENT2,CHAT_DEMO,2026-09-03 09:10:00,2026-09-03 09:12:00,2026-09-03 09:11:00
DEMO-2026-09-03-002,KAI_END_SESSION,,CHAT_DEMO,2026-09-03 09:10:00,2026-09-03 09:11:00,2026-09-03 09:11:00
DEMO-2026-09-03-002,KAI_END_SESSION,,CHAT_DEMO,2026-09-03 09:10:00,2026-09-03 09:12:00,2026-09-03 09:11:00
DEMO-2026-09-03-003,BLANK_CHAT_CUSTOMER,AGENT3,CHAT_DEMO,2026-09-03 09:15:00,2026-09-03 09:17:00,2026-09-03 09:16:00
DEMO-2026-09-03-003,BLANK_CHAT_CUSTOMER,,CHAT_DEMO,2026-09-03 09:15:00,2026-09-03 09:16:00,2026-09-03 09:16:00
DEMO-2026-09-03-004,OTHER_END_SESSION,AGENT4,CHAT_DEMO,2026-09-03 09:20:00,2026-09-03 09:22:00,2026-09-03 09:21:00
DEMO-2026-09-03-004,OTHER_END_SESSION,,CHAT_DEMO,2026-09-03 09:20:00,2026-09-03 09:21:00,2026-09-03 09:21:00
DEMO-2026-09-03-004,OTHER_END_SESSION,,CHAT_DEMO,2026-09-03 09:20:00,2026-09-03 09:22:00,2026-09-03 09:21:00
DEMO-2026-09-03-005,OTHER_END_SESSION,AGENT5,CHAT_DEMO,2026-09-03 09:25:00,2026-09-03 09:27:00,2026-09-03 09:26:00
DEMO-2026-09-03-005,OTHER_END_SESSION,,CHAT_DEMO,2026-09-03 09:25:00,2026-09-03 09:26:00,2026-09-03 09:26:00
DEMO-2026-09-03-005,OTHER_END_SESSION,,CHAT_DEMO,2026-09-03 09:25:00,2026-09-03 09:27:00,2026-09-03 09:26:00
DEMO-2026-09-03-006,OTHER_END_SESSION,AGENT6,CHAT_DEMO,2026-09-03 09:30:00,2026-09-03 09:32:00,2026-09-03 09:31:00
DEMO-2026-09-03-006,OTHER_END_SESSION,,CHAT_DEMO,2026-09-03 09:30:00,2026-09-03 09:31:00,2026-09-03 09:31:00
DEMO-2026-09-03-006,OTHER_END_SESSION,,CHAT_DEMO,2026-09-03 09:30:00,2026-09-03 09:32:00,2026-09-03 09:31:00
DEMO-2026-09-04-001,TIMEOUT_END_SESSION,AGENT1,CHAT_DEMO,2026-09-04 09:05:00,2026-09-04 09:07:00,2026-09-04 09:06:00
DEMO-2026-09-04-001,TIMEOUT_END_SESSION,,CHAT_DEMO,2026-09-04 09:05:00,2026-09-04 09:06:00,2026-09-04 09:06:00
DEMO-2026-09-04-001,TIMEOUT_END_SESSION,,CHAT_DEMO,2026-09-04 09:05:00,2026-09-04 09:07:00,2026-09-04 09:06:00
DEMO-2026-09-04-002,KAI_END_SESSION,AGENT2,CHAT_DEMO,2026-09-04 09:10:00,2026-09-04 09:12:00,2026-09-04 09:11:00
DEMO-2026-09-04-002,KAI_END_SESSION,,CHAT_DEMO,2026-09-04 09:10:00,2026-09-04 09:11:00,2026-09-04 09:11:00
DEMO-2026-09-04-002,KAI_END_SESSION,,CHAT_DEMO,2026-09-04 09:10:00,2026-09-04 09:12:00,2026-09-04 09:11:00
DEMO-2026-09-04-003,BLANK_CHAT_CUSTOMER,AGENT3,CHAT_DEMO,2026-09-04 09:15:00,2026-09-04 09:17:00,2026-09-04 09:16:00
DEMO-2026-09-04-003,BLANK_CHAT_CUSTOMER,,CHAT_DEMO,2026-09-04 09:15:00,2026-09-04 09:16:00,2026-09-04 09:16:00
DEMO-2026-09-04-004,OTHER_END_SESSION,AGENT4,CHAT_DEMO,2026-09-04 09:20:00,2026-09-04 09:22:00,2026-09-04 09:21:00
DEMO-2026-09-04-004,OTHER_END_SESSION,,CHAT_DEMO,2026-09-04 09:20:00,2026-09-04 09:21:00,2026-09-04 09:21:00
DEMO-2026-09-04-004,OTHER_END_SESSION,,CHAT_DEMO,2026-09-04 09:20:00,2026-09-04 09:22:00,2026-09-04 09:21:00
DEMO-2026-09-04-005,OTHER_END_SESSION,AGENT5,CHAT_DEMO,2026-09-04 09:25:00,2026-09-04 09:27:00,2026-09-04 09:26:00
DEMO-2026-09-04-005,OTHER_END_SESSION,,CHAT_DEMO,2026-09-04 09:25:00,2026-09-04 09:26:00,2026-09-04 09:26:00
DEMO-2026-09-04-005,OTHER_END_SESSION,,CHAT_DEMO,2026-09-04 09:25:00,2026-09-04 09:27:00,2026-09-04 09:26:00
DEMO-2026-09-04-006,OTHER_END_SESSION,AGENT6,CHAT_DEMO,2026-09-04 09:30:00,2026-09-04 09:32:00,2026-09-04 09:31:00
DEMO-2026-09-04-006,OTHER_END_SESSION,,CHAT_DEMO,2026-09-04 09:30:00,2026-09-04 09:31:00,2026-09-04 09:31:00
DEMO-2026-09-04-006,OTHER_END_SESSION,,CHAT_DEMO,2026-09-04 09:30:00,2026-09-04 09:32:00,2026-09-04 09:31:00
DEMO-2026-09-05-001,TIMEOUT_END_SESSION,AGENT1,CHAT_DEMO,2026-09-05 09:05:00,2026-09-05 09:07:00,2026-09-05 09:06:00
DEMO-2026-09-05-001,TIMEOUT_END_SESSION,,CHAT_DEMO,2026-09-05 09:05:00,2026-09-05 09:06:00,2026-09-05 09:06:00
DEMO-2026-09-05-001,TIMEOUT_END_SESSION,,CHAT_DEMO,2026-09-05 09:05:00,2026-09-05 09:07:00,2026-09-05 09:06:00
DEMO-2026-09-05-002,KAI_END_SESSION,AGENT2,CHAT_DEMO,2026-09-05 09:10:00,2026-09-05 09:12:00,2026-09-05 09:11:00
DEMO-2026-09-05-002,KAI_END_SESSION,,CHAT_DEMO,2026-09-05 09:10:00,2026-09-05 09:11:00,2026-09-05 09:11:00
DEMO-2026-09-05-002,KAI_END_SESSION,,CHAT_DEMO,2026-09-05 09:10:00,2026-09-05 09:12:00,2026-09-05 09:11:00
DEMO-2026-09-05-003,BLANK_CHAT_CUSTOMER,AGENT3,CHAT_DEMO,2026-09-05 09:15:00,2026-09-05 09:17:00,2026-09-05 09:16:00
DEMO-2026-09-05-003,BLANK_CHAT_CUSTOMER,,CHAT_DEMO,2026-09-05 09:15:00,2026-09-05 09:16:00,2026-09-05 09:16:00
DEMO-2026-09-05-004,OTHER_END_SESSION,AGENT4,CHAT_DEMO,2026-09-05 09:20:00,2026-09-05 09:22:00,2026-09-05 09:21:00
DEMO-2026-09-05-004,OTHER_END_SESSION,,CHAT_DEMO,2026-09-05 09:20:00,2026-09-05 09:21:00,2026-09-05 09:21:00
DEMO-2026-09-05-004,OTHER_END_SESSION,,CHAT_DEMO,2026-09-05 09:20:00,2026-09-05 09:22:00,2026-09-05 09:21:00
DEMO-2026-09-05-005,OTHER_END_SESSION,AGENT5,CHAT_DEMO,2026-09-05 09:25:00,2026-09-05 09:27:00,2026-09-05 09:26:00
DEMO-2026-09-05-005,OTHER_END_SESSION,,CHAT_DEMO,2026-09-05 09:25:00,2026-09-05 09:26:00,2026-09-05 09:26:00
DEMO-2026-09-05-005,OTHER_END_SESSION,,CHAT_DEMO,2026-09-05 09:25:00,2026-09-05 09:27:00,2026-09-05 09:26:00
DEMO-2026-09-05-006,OTHER_END_SESSION,AGENT6,CHAT_DEMO,2026-09-05 09:30:00,2026-09-05 09:32:00,2026-09-05 09:31:00
DEMO-2026-09-05-006,OTHER_END_SESSION,,CHAT_DEMO,2026-09-05 09:30:00,2026-09-05 09:31:00,2026-09-05 09:31:00
DEMO-2026-09-05-006,OTHER_END_SESSION,,CHAT_DEMO,2026-09-05 09:30:00,2026-09-05 09:32:00,2026-09-05 09:31:00
DEMO-2026-09-06-001,TIMEOUT_END_SESSION,AGENT1,CHAT_DEMO,2026-09-06 09:05:00,2026-09-06 09:07:00,2026-09-06 09:06:00
DEMO-2026-09-06-001,TIMEOUT_END_SESSION,,CHAT_DEMO,2026-09-06 09:05:00,2026-09-06 09:06:00,2026-09-06 09:06:00
DEMO-2026-09-06-001,TIMEOUT_END_SESSION,,CHAT_DEMO,2026-09-06 09:05:00,2026-09-06 09:07:00,2026-09-06 09:06:00
DEMO-2026-09-06-002,KAI_END_SESSION,AGENT2,CHAT_DEMO,2026-09-06 09:10:00,2026-09-06 09:12:00,2026-09-06 09:11:00
DEMO-2026-09-06-002,KAI_END_SESSION,,CHAT_DEMO,2026-09-06 09:10:00,2026-09-06 09:11:00,2026-09-06 09:11:00
DEMO-2026-09-06-002,KAI_END_SESSION,,CHAT_DEMO,2026-09-06 09:10:00,2026-09-06 09:12:00,2026-09-06 09:11:00
DEMO-2026-09-06-003,BLANK_CHAT_CUSTOMER,AGENT3,CHAT_DEMO,2026-09-06 09:15:00,2026-09-06 09:17:00,2026-09-06 09:16:00
DEMO-2026-09-06-003,BLANK_CHAT_CUSTOMER,,CHAT_DEMO,2026-09-06 09:15:00,2026-09-06 09:16:00,2026-09-06 09:16:00
DEMO-2026-09-06-004,OTHER_END_SESSION,AGENT4,CHAT_DEMO,2026-09-06 09:20:00,2026-09-06 09:22:00,2026-09-06 09:21:00
DEMO-2026-09-06-004,OTHER_END_SESSION,,CHAT_DEMO,2026-09-06 09:20:00,2026-09-06 09:21:00,2026-09-06 09:21:00
DEMO-2026-09-06-004,OTHER_END_SESSION,,CHAT_DEMO,2026-09-06 09:20:00,2026-09-06 09:22:00,2026-09-06 09:21:00
DEMO-2026-09-06-005,OTHER_END_SESSION,AGENT5,CHAT_DEMO,2026-09-06 09:25:00,2026-09-06 09:27:00,2026-09-06 09:26:00
DEMO-2026-09-06-005,OTHER_END_SESSION,,CHAT_DEMO,2026-09-06 09:25:00,2026-09-06 09:26:00,2026-09-06 09:26:00
DEMO-2026-09-06-005,OTHER_END_SESSION,,CHAT_DEMO,2026-09-06 09:25:00,2026-09-06 09:27:00,2026-09-06 09:26:00
DEMO-2026-09-06-006,OTHER_END_SESSION,AGENT6,CHAT_DEMO,2026-09-06 09:30:00,2026-09-06 09:32:00,2026-09-06 09:31:00
DEMO-2026-09-06-006,OTHER_END_SESSION,,CHAT_DEMO,2026-09-06 09:30:00,2026-09-06 09:31:00,2026-09-06 09:31:00
DEMO-2026-09-06-006,OTHER_END_SESSION,,CHAT_DEMO,2026-09-06 09:30:00,2026-09-06 09:32:00,2026-09-06 09:31:00
DEMO-2026-09-07-001,TIMEOUT_END_SESSION,AGENT1,CHAT_DEMO,2026-09-07 09:05:00,2026-09-07 09:07:00,2026-09-07 09:06:00
DEMO-2026-09-07-001,TIMEOUT_END_SESSION,,CHAT_DEMO,2026-09-07 09:05:00,2026-09-07 09:06:00,2026-09-07 09:06:00
DEMO-2026-09-07-001,TIMEOUT_END_SESSION,,CHAT_DEMO,2026-09-07 09:05:00,2026-09-07 09:07:00,2026-09-07 09:06:00
DEMO-2026-09-07-002,KAI_END_SESSION,AGENT2,CHAT_DEMO,2026-09-07 09:10:00,2026-09-07 09:12:00,2026-09-07 09:11:00
DEMO-2026-09-07-002,KAI_END_SESSION,,CHAT_DEMO,2026-09-07 09:10:00,2026-09-07 09:11:00,2026-09-07 09:11:00
DEMO-2026-09-07-002,KAI_END_SESSION,,CHAT_DEMO,2026-09-07 09:10:00,2026-09-07 09:12:00,2026-09-07 09:11:00
DEMO-2026-09-07-003,BLANK_CHAT_CUSTOMER,AGENT3,CHAT_DEMO,2026-09-07 09:15:00,2026-09-07 09:17:00,2026-09-07 09:16:00
DEMO-2026-09-07-003,BLANK_CHAT_CUSTOMER,,CHAT_DEMO,2026-09-07 09:15:00,2026-09-07 09:16:00,2026-09-07 09:16:00
DEMO-2026-09-07-004,OTHER_END_SESSION,AGENT4,CHAT_DEMO,2026-09-07 09:20:00,2026-09-07 09:22:00,2026-09-07 09:21:00
DEMO-2026-09-07-004,OTHER_END_SESSION,,CHAT_DEMO,2026-09-07 09:20:00,2026-09-07 09:21:00,2026-09-07 09:21:00
DEMO-2026-09-07-004,OTHER_END_SESSION,,CHAT_DEMO,2026-09-07 09:20:00,2026-09-07 09:22:00,2026-09-07 09:21:00
DEMO-2026-09-07-005,OTHER_END_SESSION,AGENT5,CHAT_DEMO,2026-09-07 09:25:00,2026-09-07 09:27:00,2026-09-07 09:26:00
DEMO-2026-09-07-005,OTHER_END_SESSION,,CHAT_DEMO,2026-09-07 09:25:00,2026-09-07 09:26:00,2026-09-07 09:26:00
DEMO-2026-09-07-005,OTHER_END_SESSION,,CHAT_DEMO,2026-09-07 09:25:00,2026-09-07 09:27:00,2026-09-07 09:26:00
DEMO-2026-09-07-006,OTHER_END_SESSION,AGENT6,CHAT_DEMO,2026-09-07 09:30:00,2026-09-07 09:32:00,2026-09-07 09:31:00
DEMO-2026-09-07-006,OTHER_END_SESSION,,CHAT_DEMO,2026-09-07 09:30:00,2026-09-07 09:31:00,2026-09-07 09:31:00
DEMO-2026-09-07-006,OTHER_END_SESSION,,CHAT_DEMO,2026-09-07 09:30:00,2026-09-07 09:32:00,2026-09-07 09:31:00
DEMO-2026-09-08-001,TIMEOUT_END_SESSION,AGENT1,CHAT_DEMO,2026-09-08 09:05:00,2026-09-08 09:07:00,2026-09-08 09:06:00
DEMO-2026-09-08-001,TIMEOUT_END_SESSION,,CHAT_DEMO,2026-09-08 09:05:00,2026-09-08 09:06:00,2026-09-08 09:06:00
DEMO-2026-09-08-001,TIMEOUT_END_SESSION,,CHAT_DEMO,2026-09-08 09:05:00,2026-09-08 09:07:00,2026-09-08 09:06:00
DEMO-2026-09-08-002,KAI_END_SESSION,AGENT2,CHAT_DEMO,2026-09-08 09:10:00,2026-09-08 09:12:00,2026-09-08 09:11:00
DEMO-2026-09-08-002,KAI_END_SESSION,,CHAT_DEMO,2026-09-08 09:10:00,2026-09-08 09:11:00,2026-09-08 09:11:00
DEMO-2026-09-08-002,KAI_END_SESSION,,CHAT_DEMO,2026-09-08 09:10:00,2026-09-08 09:12:00,2026-09-08 09:11:00
DEMO-2026-09-08-003,BLANK_CHAT_CUSTOMER,AGENT3,CHAT_DEMO,2026-09-08 09:15:00,2026-09-08 09:17:00,2026-09-08 09:16:00
DEMO-2026-09-08-003,BLANK_CHAT_CUSTOMER,,CHAT_DEMO,2026-09-08 09:15:00,2026-09-08 09:16:00,2026-09-08 09:16:00
DEMO-2026-09-08-004,OTHER_END_SESSION,AGENT4,CHAT_DEMO,2026-09-08 09:20:00,2026-09-08 09:22:00,2026-09-08 09:21:00
DEMO-2026-09-08-004,OTHER_END_SESSION,,CHAT_DEMO,2026-09-08 09:20:00,2026-09-08 09:21:00,2026-09-08 09:21:00
DEMO-2026-09-08-004,OTHER_END_SESSION,,CHAT_DEMO,2026-09-08 09:20:00,2026-09-08 09:22:00,2026-09-08 09:21:00
DEMO-2026-09-08-005,OTHER_END_SESSION,AGENT5,CHAT_DEMO,2026-09-08 09:25:00,2026-09-08 09:27:00,2026-09-08 09:26:00
DEMO-2026-09-08-005,OTHER_END_SESSION,,CHAT_DEMO,2026-09-08 09:25:00,2026-09-08 09:26:00,2026-09-08 09:26:00
DEMO-2026-09-08-005,OTHER_END_SESSION,,CHAT_DEMO,2026-09-08 09:25:00,2026-09-08 09:27:00,2026-09-08 09:26:00
DEMO-2026-09-08-006,OTHER_END_SESSION,AGENT6,CHAT_DEMO,2026-09-08 09:30:00,2026-09-08 09:32:00,2026-09-08 09:31:00
DEMO-2026-09-08-006,OTHER_END_SESSION,,CHAT_DEMO,2026-09-08 09:30:00,2026-09-08 09:31:00,2026-09-08 09:31:00
DEMO-2026-09-08-006,OTHER_END_SESSION,,CHAT_DEMO,2026-09-08 09:30:00,2026-09-08 09:32:00,2026-09-08 09:31:00
DEMO-2026-09-09-001,TIMEOUT_END_SESSION,AGENT1,CHAT_DEMO,2026-09-09 09:05:00,2026-09-09 09:07:00,2026-09-09 09:06:00
DEMO-2026-09-09-001,TIMEOUT_END_SESSION,,CHAT_DEMO,2026-09-09 09:05:00,2026-09-09 09:06:00,2026-09-09 09:06:00
DEMO-2026-09-09-001,TIMEOUT_END_SESSION,,CHAT_DEMO,2026-09-09 09:05:00,2026-09-09 09:07:00,2026-09-09 09:06:00
DEMO-2026-09-09-002,KAI_END_SESSION,AGENT2,CHAT_DEMO,2026-09-09 09:10:00,2026-09-09 09:12:00,2026-09-09 09:11:00
DEMO-2026-09-09-002,KAI_END_SESSION,,CHAT_DEMO,2026-09-09 09:10:00,2026-09-09 09:11:00,2026-09-09 09:11:00
DEMO-2026-09-09-002,KAI_END_SESSION,,CHAT_DEMO,2026-09-09 09:10:00,2026-09-09 09:12:00,2026-09-09 09:11:00
DEMO-2026-09-09-003,BLANK_CHAT_CUSTOMER,AGENT3,CHAT_DEMO,2026-09-09 09:15:00,2026-09-09 09:17:00,2026-09-09 09:16:00
DEMO-2026-09-09-003,BLANK_CHAT_CUSTOMER,,CHAT_DEMO,2026-09-09 09:15:00,2026-09-09 09:16:00,2026-09-09 09:16:00
DEMO-2026-09-09-004,OTHER_END_SESSION,AGENT4,CHAT_DEMO,2026-09-09 09:20:00,2026-09-09 09:22:00,2026-09-09 09:21:00
DEMO-2026-09-09-004,OTHER_END_SESSION,,CHAT_DEMO,2026-09-09 09:20:00,2026-09-09 09:21:00,2026-09-09 09:21:00
DEMO-2026-09-09-004,OTHER_END_SESSION,,CHAT_DEMO,2026-09-09 09:20:00,2026-09-09 09:22:00,2026-09-09 09:21:00
DEMO-2026-09-09-005,OTHER_END_SESSION,AGENT5,CHAT_DEMO,2026-09-09 09:25:00,2026-09-09 09:27:00,2026-09-09 09:26:00
DEMO-2026-09-09-005,OTHER_END_SESSION,,CHAT_DEMO,2026-09-09 09:25:00,2026-09-09 09:26:00,2026-09-09 09:26:00
DEMO-2026-09-09-005,OTHER_END_SESSION,,CHAT_DEMO,2026-09-09 09:25:00,2026-09-09 09:27:00,2026-09-09 09:26:00
DEMO-2026-09-09-006,OTHER_END_SESSION,AGENT6,CHAT_DEMO,2026-09-09 09:30:00,2026-09-09 09:32:00,2026-09-09 09:31:00
DEMO-2026-09-09-006,OTHER_END_SESSION,,CHAT_DEMO,2026-09-09 09:30:00,2026-09-09 09:31:00,2026-09-09 09:31:00
DEMO-2026-09-09-006,OTHER_END_SESSION,,CHAT_DEMO,2026-09-09 09:30:00,2026-09-09 09:32:00,2026-09-09 09:31:00
DEMO-2026-09-10-001,TIMEOUT_END_SESSION,AGENT1,CHAT_DEMO,2026-09-10 09:05:00,2026-09-10 09:07:00,2026-09-10 09:06:00
DEMO-2026-09-10-001,TIMEOUT_END_SESSION,,CHAT_DEMO,2026-09-10 09:05:00,2026-09-10 09:06:00,2026-09-10 09:06:00
DEMO-2026-09-10-001,TIMEOUT_END_SESSION,,CHAT_DEMO,2026-09-10 09:05:00,2026-09-10 09:07:00,2026-09-10 09:06:00
DEMO-2026-09-10-002,KAI_END_SESSION,AGENT2,CHAT_DEMO,2026-09-10 09:10:00,2026-09-10 09:12:00,2026-09-10 09:11:00
DEMO-2026-09-10-002,KAI_END_SESSION,,CHAT_DEMO,2026-09-10 09:10:00,2026-09-10 09:11:00,2026-09-10 09:11:00
DEMO-2026-09-10-002,KAI_END_SESSION,,CHAT_DEMO,2026-09-10 09:10:00,2026-09-10 09:12:00,2026-09-10 09:11:00
DEMO-2026-09-10-003,BLANK_CHAT_CUSTOMER,AGENT3,CHAT_DEMO,2026-09-10 09:15:00,2026-09-10 09:17:00,2026-09-10 09:16:00
DEMO-2026-09-10-003,BLANK_CHAT_CUSTOMER,,CHAT_DEMO,2026-09-10 09:15:00,2026-09-10 09:16:00,2026-09-10 09:16:00
DEMO-2026-09-10-004,OTHER_END_SESSION,AGENT4,CHAT_DEMO,2026-09-10 09:20:00,2026-09-10 09:22:00,2026-09-10 09:21:00
DEMO-2026-09-10-004,OTHER_END_SESSION,,CHAT_DEMO,2026-09-10 09:20:00,2026-09-10 09:21:00,2026-09-10 09:21:00
DEMO-2026-09-10-004,OTHER_END_SESSION,,CHAT_DEMO,2026-09-10 09:20:00,2026-09-10 09:22:00,2026-09-10 09:21:00
DEMO-2026-09-10-005,OTHER_END_SESSION,AGENT5,CHAT_DEMO,2026-09-10 09:25:00,2026-09-10 09:27:00,2026-09-10 09:26:00
DEMO-2026-09-10-005,OTHER_END_SESSION,,CHAT_DEMO,2026-09-10 09:25:00,2026-09-10 09:26:00,2026-09-10 09:26:00
DEMO-2026-09-10-005,OTHER_END_SESSION,,CHAT_DEMO,2026-09-10 09:25:00,2026-09-10 09:27:00,2026-09-10 09:26:00
DEMO-2026-09-10-006,OTHER_END_SESSION,AGENT6,CHAT_DEMO,2026-09-10 09:30:00,2026-09-10 09:32:00,2026-09-10 09:31:00
DEMO-2026-09-10-006,OTHER_END_SESSION,,CHAT_DEMO,2026-09-10 09:30:00,2026-09-10 09:31:00,2026-09-10 09:31:00
DEMO-2026-09-10-006,OTHER_END_SESSION,,CHAT_DEMO,2026-09-10 09:30:00,2026-09-10 09:32:00,2026-09-10 09:31:00
DEMO-2026-09-11-001,TIMEOUT_END_SESSION,AGENT1,CHAT_DEMO,2026-09-11 09:05:00,2026-09-11 09:07:00,2026-09-11 09:06:00
DEMO-2026-09-11-001,TIMEOUT_END_SESSION,,CHAT_DEMO,2026-09-11 09:05:00,2026-09-11 09:06:00,2026-09-11 09:06:00
DEMO-2026-09-11-001,TIMEOUT_END_SESSION,,CHAT_DEMO,2026-09-11 09:05:00,2026-09-11 09:07:00,2026-09-11 09:06:00
DEMO-2026-09-11-002,KAI_END_SESSION,AGENT2,CHAT_DEMO,2026-09-11 09:10:00,2026-09-11 09:12:00,2026-09-11 09:11:00
DEMO-2026-09-11-002,KAI_END_SESSION,,CHAT_DEMO,2026-09-11 09:10:00,2026-09-11 09:11:00,2026-09-11 09:11:00
DEMO-2026-09-11-002,KAI_END_SESSION,,CHAT_DEMO,2026-09-11 09:10:00,2026-09-11 09:12:00,2026-09-11 09:11:00
DEMO-2026-09-11-003,BLANK_CHAT_CUSTOMER,AGENT3,CHAT_DEMO,2026-09-11 09:15:00,2026-09-11 09:17:00,2026-09-11 09:16:00
DEMO-2026-09-11-003,BLANK_CHAT_CUSTOMER,,CHAT_DEMO,2026-09-11 09:15:00,2026-09-11 09:16:00,2026-09-11 09:16:00
DEMO-2026-09-11-004,OTHER_END_SESSION,AGENT4,CHAT_DEMO,2026-09-11 09:20:00,2026-09-11 09:22:00,2026-09-11 09:21:00
DEMO-2026-09-11-004,OTHER_END_SESSION,,CHAT_DEMO,2026-09-11 09:20:00,2026-09-11 09:21:00,2026-09-11 09:21:00
DEMO-2026-09-11-004,OTHER_END_SESSION,,CHAT_DEMO,2026-09-11 09:20:00,2026-09-11 09:22:00,2026-09-11 09:21:00
DEMO-2026-09-11-005,OTHER_END_SESSION,AGENT5,CHAT_DEMO,2026-09-11 09:25:00,2026-09-11 09:27:00,2026-09-11 09:26:00
DEMO-2026-09-11-005,OTHER_END_SESSION,,CHAT_DEMO,2026-09-11 09:25:00,2026-09-11 09:26:00,2026-09-11 09:26:00
DEMO-2026-09-11-005,OTHER_END_SESSION,,CHAT_DEMO,2026-09-11 09:25:00,2026-09-11 09:27:00,2026-09-11 09:26:00
DEMO-2026-09-11-006,OTHER_END_SESSION,AGENT6,CHAT_DEMO,2026-09-11 09:30:00,2026-09-11 09:32:00,2026-09-11 09:31:00
DEMO-2026-09-11-006,OTHER_END_SESSION,,CHAT_DEMO,2026-09-11 09:30:00,2026-09-11 09:31:00,2026-09-11 09:31:00
DEMO-2026-09-11-006,OTHER_END_SESSION,,CHAT_DEMO,2026-09-11 09:30:00,2026-09-11 09:32:00,2026-09-11 09:31:00
DEMO-2026-09-12-001,TIMEOUT_END_SESSION,AGENT1,CHAT_DEMO,2026-09-12 09:05:00,2026-09-12 09:07:00,2026-09-12 09:06:00
DEMO-2026-09-12-001,TIMEOUT_END_SESSION,,CHAT_DEMO,2026-09-12 09:05:00,2026-09-12 09:06:00,2026-09-12 09:06:00
DEMO-2026-09-12-001,TIMEOUT_END_SESSION,,CHAT_DEMO,2026-09-12 09:05:00,2026-09-12 09:07:00,2026-09-12 09:06:00
DEMO-2026-09-12-002,KAI_END_SESSION,AGENT2,CHAT_DEMO,2026-09-12 09:10:00,2026-09-12 09:12:00,2026-09-12 09:11:00
DEMO-2026-09-12-002,KAI_END_SESSION,,CHAT_DEMO,2026-09-12 09:10:00,2026-09-12 09:11:00,2026-09-12 09:11:00
DEMO-2026-09-12-002,KAI_END_SESSION,,CHAT_DEMO,2026-09-12 09:10:00,2026-09-12 09:12:00,2026-09-12 09:11:00
DEMO-2026-09-12-003,BLANK_CHAT_CUSTOMER,AGENT3,CHAT_DEMO,2026-09-12 09:15:00,2026-09-12 09:17:00,2026-09-12 09:16:00
DEMO-2026-09-12-003,BLANK_CHAT_CUSTOMER,,CHAT_DEMO,2026-09-12 09:15:00,2026-09-12 09:16:00,2026-09-12 09:16:00
DEMO-2026-09-12-004,OTHER_END_SESSION,AGENT4,CHAT_DEMO,2026-09-12 09:20:00,2026-09-12 09:22:00,2026-09-12 09:21:00
DEMO-2026-09-12-004,OTHER_END_SESSION,,CHAT_DEMO,2026-09-12 09:20:00,2026-09-12 09:21:00,2026-09-12 09:21:00
DEMO-2026-09-12-004,OTHER_END_SESSION,,CHAT_DEMO,2026-09-12 09:20:00,2026-09-12 09:22:00,2026-09-12 09:21:00
DEMO-2026-09-12-005,OTHER_END_SESSION,AGENT5,CHAT_DEMO,2026-09-12 09:25:00,2026-09-12 09:27:00,2026-09-12 09:26:00
DEMO-2026-09-12-005,OTHER_END_SESSION,,CHAT_DEMO,2026-09-12 09:25:00,2026-09-12 09:26:00,2026-09-12 09:26:00
DEMO-2026-09-12-005,OTHER_END_SESSION,,CHAT_DEMO,2026-09-12 09:25:00,2026-09-12 09:27:00,2026-09-12 09:26:00
DEMO-2026-09-12-006,OTHER_END_SESSION,AGENT6,CHAT_DEMO,2026-09-12 09:30:00,2026-09-12 09:32:00,2026-09-12 09:31:00
DEMO-2026-09-12-006,OTHER_END_SESSION,,CHAT_DEMO,2026-09-12 09:30:00,2026-09-12 09:31:00,2026-09-12 09:31:00
DEMO-2026-09-12-006,OTHER_END_SESSION,,CHAT_DEMO,2026-09-12 09:30:00,2026-09-12 09:32:00,2026-09-12 09:31:00
DEMO-2026-09-13-001,TIMEOUT_END_SESSION,AGENT1,CHAT_DEMO,2026-09-13 09:05:00,2026-09-13 09:07:00,2026-09-13 09:06:00
DEMO-2026-09-13-001,TIMEOUT_END_SESSION,,CHAT_DEMO,2026-09-13 09:05:00,2026-09-13 09:06:00,2026-09-13 09:06:00
DEMO-2026-09-13-001,TIMEOUT_END_SESSION,,CHAT_DEMO,2026-09-13 09:05:00,2026-09-13 09:07:00,2026-09-13 09:06:00
DEMO-2026-09-13-002,KAI_END_SESSION,AGENT2,CHAT_DEMO,2026-09-13 09:10:00,2026-09-13 09:12:00,2026-09-13 09:11:00
DEMO-2026-09-13-002,KAI_END_SESSION,,CHAT_DEMO,2026-09-13 09:10:00,2026-09-13 09:11:00,2026-09-13 09:11:00
DEMO-2026-09-13-002,KAI_END_SESSION,,CHAT_DEMO,2026-09-13 09:10:00,2026-09-13 09:12:00,2026-09-13 09:11:00
DEMO-2026-09-13-003,BLANK_CHAT_CUSTOMER,AGENT3,CHAT_DEMO,2026-09-13 09:15:00,2026-09-13 09:17:00,2026-09-13 09:16:00
DEMO-2026-09-13-003,BLANK_CHAT_CUSTOMER,,CHAT_DEMO,2026-09-13 09:15:00,2026-09-13 09:16:00,2026-09-13 09:16:00
DEMO-2026-09-13-004,OTHER_END_SESSION,AGENT4,CHAT_DEMO,2026-09-13 09:20:00,2026-09-13 09:22:00,2026-09-13 09:21:00
DEMO-2026-09-13-004,OTHER_END_SESSION,,CHAT_DEMO,2026-09-13 09:20:00,2026-09-13 09:21:00,2026-09-13 09:21:00
DEMO-2026-09-13-004,OTHER_END_SESSION,,CHAT_DEMO,2026-09-13 09:20:00,2026-09-13 09:22:00,2026-09-13 09:21:00
DEMO-2026-09-13-005,OTHER_END_SESSION,AGENT5,CHAT_DEMO,2026-09-13 09:25:00,2026-09-13 09:27:00,2026-09-13 09:26:00
DEMO-2026-09-13-005,OTHER_END_SESSION,,CHAT_DEMO,2026-09-13 09:25:00,2026-09-13 09:26:00,2026-09-13 09:26:00
DEMO-2026-09-13-005,OTHER_END_SESSION,,CHAT_DEMO,2026-09-13 09:25:00,2026-09-13 09:27:00,2026-09-13 09:26:00
DEMO-2026-09-13-006,OTHER_END_SESSION,AGENT6,CHAT_DEMO,2026-09-13 09:30:00,2026-09-13 09:32:00,2026-09-13 09:31:00
DEMO-2026-09-13-006,OTHER_END_SESSION,,CHAT_DEMO,2026-09-13 09:30:00,2026-09-13 09:31:00,2026-09-13 09:31:00
DEMO-2026-09-13-006,OTHER_END_SESSION,,CHAT_DEMO,2026-09-13 09:30:00,2026-09-13 09:32:00,2026-09-13 09:31:00
DEMO-2026-09-14-001,TIMEOUT_END_SESSION,AGENT1,CHAT_DEMO,2026-09-14 09:05:00,2026-09-14 09:07:00,2026-09-14 09:06:00
DEMO-2026-09-14-001,TIMEOUT_END_SESSION,,CHAT_DEMO,2026-09-14 09:05:00,2026-09-14 09:06:00,2026-09-14 09:06:00
DEMO-2026-09-14-001,TIMEOUT_END_SESSION,,CHAT_DEMO,2026-09-14 09:05:00,2026-09-14 09:07:00,2026-09-14 09:06:00
DEMO-2026-09-14-002,KAI_END_SESSION,AGENT2,CHAT_DEMO,2026-09-14 09:10:00,2026-09-14 09:12:00,2026-09-14 09:11:00
DEMO-2026-09-14-002,KAI_END_SESSION,,CHAT_DEMO,2026-09-14 09:10:00,2026-09-14 09:11:00,2026-09-14 09:11:00
DEMO-2026-09-14-002,KAI_END_SESSION,,CHAT_DEMO,2026-09-14 09:10:00,2026-09-14 09:12:00,2026-09-14 09:11:00
DEMO-2026-09-14-003,BLANK_CHAT_CUSTOMER,AGENT3,CHAT_DEMO,2026-09-14 09:15:00,2026-09-14 09:17:00,2026-09-14 09:16:00
DEMO-2026-09-14-003,BLANK_CHAT_CUSTOMER,,CHAT_DEMO,2026-09-14 09:15:00,2026-09-14 09:16:00,2026-09-14 09:16:00
DEMO-2026-09-14-004,OTHER_END_SESSION,AGENT4,CHAT_DEMO,2026-09-14 09:20:00,2026-09-14 09:22:00,2026-09-14 09:21:00
DEMO-2026-09-14-004,OTHER_END_SESSION,,CHAT_DEMO,2026-09-14 09:20:00,2026-09-14 09:21:00,2026-09-14 09:21:00
DEMO-2026-09-14-004,OTHER_END_SESSION,,CHAT_DEMO,2026-09-14 09:20:00,2026-09-14 09:22:00,2026-09-14 09:21:00
DEMO-2026-09-14-005,OTHER_END_SESSION,AGENT5,CHAT_DEMO,2026-09-14 09:25:00,2026-09-14 09:27:00,2026-09-14 09:26:00
DEMO-2026-09-14-005,OTHER_END_SESSION,,CHAT_DEMO,2026-09-14 09:25:00,2026-09-14 09:26:00,2026-09-14 09:26:00
DEMO-2026-09-14-005,OTHER_END_SESSION,,CHAT_DEMO,2026-09-14 09:25:00,2026-09-14 09:27:00,2026-09-14 09:26:00
DEMO-2026-09-14-006,OTHER_END_SESSION,AGENT6,CHAT_DEMO,2026-09-14 09:30:00,2026-09-14 09:32:00,2026-09-14 09:31:00
DEMO-2026-09-14-006,OTHER_END_SESSION,,CHAT_DEMO,2026-09-14 09:30:00,2026-09-14 09:31:00,2026-09-14 09:31:00
DEMO-2026-09-14-006,OTHER_END_SESSION,,CHAT_DEMO,2026-09-14 09:30:00,2026-09-14 09:32:00,2026-09-14 09:31:00
DEMO-2026-09-15-001,TIMEOUT_END_SESSION,AGENT1,CHAT_DEMO,2026-09-15 09:05:00,2026-09-15 09:07:00,2026-09-15 09:06:00
DEMO-2026-09-15-001,TIMEOUT_END_SESSION,,CHAT_DEMO,2026-09-15 09:05:00,2026-09-15 09:06:00,2026-09-15 09:06:00
DEMO-2026-09-15-001,TIMEOUT_END_SESSION,,CHAT_DEMO,2026-09-15 09:05:00,2026-09-15 09:07:00,2026-09-15 09:06:00
DEMO-2026-09-15-002,KAI_END_SESSION,AGENT2,CHAT_DEMO,2026-09-15 09:10:00,2026-09-15 09:12:00,2026-09-15 09:11:00
DEMO-2026-09-15-002,KAI_END_SESSION,,CHAT_DEMO,2026-09-15 09:10:00,2026-09-15 09:11:00,2026-09-15 09:11:00
DEMO-2026-09-15-002,KAI_END_SESSION,,CHAT_DEMO,2026-09-15 09:10:00,2026-09-15 09:12:00,2026-09-15 09:11:00
DEMO-2026-09-15-003,BLANK_CHAT_CUSTOMER,AGENT3,CHAT_DEMO,2026-09-15 09:15:00,2026-09-15 09:17:00,2026-09-15 09:16:00
DEMO-2026-09-15-003,BLANK_CHAT_CUSTOMER,,CHAT_DEMO,2026-09-15 09:15:00,2026-09-15 09:16:00,2026-09-15 09:16:00
DEMO-2026-09-15-004,OTHER_END_SESSION,AGENT4,CHAT_DEMO,2026-09-15 09:20:00,2026-09-15 09:22:00,2026-09-15 09:21:00
DEMO-2026-09-15-004,OTHER_END_SESSION,,CHAT_DEMO,2026-09-15 09:20:00,2026-09-15 09:21:00,2026-09-15 09:21:00
DEMO-2026-09-15-004,OTHER_END_SESSION,,CHAT_DEMO,2026-09-15 09:20:00,2026-09-15 09:22:00,2026-09-15 09:21:00
DEMO-2026-09-15-005,OTHER_END_SESSION,AGENT5,CHAT_DEMO,2026-09-15 09:25:00,2026-09-15 09:27:00,2026-09-15 09:26:00
DEMO-2026-09-15-005,OTHER_END_SESSION,,CHAT_DEMO,2026-09-15 09:25:00,2026-09-15 09:26:00,2026-09-15 09:26:00
DEMO-2026-09-15-005,OTHER_END_SESSION,,CHAT_DEMO,2026-09-15 09:25:00,2026-09-15 09:27:00,2026-09-15 09:26:00
DEMO-2026-09-15-006,OTHER_END_SESSION,AGENT6,CHAT_DEMO,2026-09-15 09:30:00,2026-09-15 09:32:00,2026-09-15 09:31:00
DEMO-2026-09-15-006,OTHER_END_SESSION,,CHAT_DEMO,2026-09-15 09:30:00,2026-09-15 09:31:00,2026-09-15 09:31:00
DEMO-2026-09-15-006,OTHER_END_SESSION,,CHAT_DEMO,2026-09-15 09:30:00,2026-09-15 09:32:00,2026-09-15 09:31:00
DEMO-2026-09-16-001,TIMEOUT_END_SESSION,AGENT1,CHAT_DEMO,2026-09-16 09:05:00,2026-09-16 09:07:00,2026-09-16 09:06:00
DEMO-2026-09-16-001,TIMEOUT_END_SESSION,,CHAT_DEMO,2026-09-16 09:05:00,2026-09-16 09:06:00,2026-09-16 09:06:00
DEMO-2026-09-16-001,TIMEOUT_END_SESSION,,CHAT_DEMO,2026-09-16 09:05:00,2026-09-16 09:07:00,2026-09-16 09:06:00
DEMO-2026-09-16-002,KAI_END_SESSION,AGENT2,CHAT_DEMO,2026-09-16 09:10:00,2026-09-16 09:12:00,2026-09-16 09:11:00
DEMO-2026-09-16-002,KAI_END_SESSION,,CHAT_DEMO,2026-09-16 09:10:00,2026-09-16 09:11:00,2026-09-16 09:11:00
DEMO-2026-09-16-002,KAI_END_SESSION,,CHAT_DEMO,2026-09-16 09:10:00,2026-09-16 09:12:00,2026-09-16 09:11:00
DEMO-2026-09-16-003,BLANK_CHAT_CUSTOMER,AGENT3,CHAT_DEMO,2026-09-16 09:15:00,2026-09-16 09:17:00,2026-09-16 09:16:00
DEMO-2026-09-16-003,BLANK_CHAT_CUSTOMER,,CHAT_DEMO,2026-09-16 09:15:00,2026-09-16 09:16:00,2026-09-16 09:16:00
DEMO-2026-09-16-004,OTHER_END_SESSION,AGENT4,CHAT_DEMO,2026-09-16 09:20:00,2026-09-16 09:22:00,2026-09-16 09:21:00
DEMO-2026-09-16-004,OTHER_END_SESSION,,CHAT_DEMO,2026-09-16 09:20:00,2026-09-16 09:21:00,2026-09-16 09:21:00
DEMO-2026-09-16-004,OTHER_END_SESSION,,CHAT_DEMO,2026-09-16 09:20:00,2026-09-16 09:22:00,2026-09-16 09:21:00
DEMO-2026-09-16-005,OTHER_END_SESSION,AGENT5,CHAT_DEMO,2026-09-16 09:25:00,2026-09-16 09:27:00,2026-09-16 09:26:00
DEMO-2026-09-16-005,OTHER_END_SESSION,,CHAT_DEMO,2026-09-16 09:25:00,2026-09-16 09:26:00,2026-09-16 09:26:00
DEMO-2026-09-16-005,OTHER_END_SESSION,,CHAT_DEMO,2026-09-16 09:25:00,2026-09-16 09:27:00,2026-09-16 09:26:00
DEMO-2026-09-16-006,OTHER_END_SESSION,AGENT6,CHAT_DEMO,2026-09-16 09:30:00,2026-09-16 09:32:00,2026-09-16 09:31:00
DEMO-2026-09-16-006,OTHER_END_SESSION,,CHAT_DEMO,2026-09-16 09:30:00,2026-09-16 09:31:00,2026-09-16 09:31:00
DEMO-2026-09-16-006,OTHER_END_SESSION,,CHAT_DEMO,2026-09-16 09:30:00,2026-09-16 09:32:00,2026-09-16 09:31:00
DEMO-2026-09-17-001,TIMEOUT_END_SESSION,AGENT1,CHAT_DEMO,2026-09-17 09:05:00,2026-09-17 09:07:00,2026-09-17 09:06:00
DEMO-2026-09-17-001,TIMEOUT_END_SESSION,,CHAT_DEMO,2026-09-17 09:05:00,2026-09-17 09:06:00,2026-09-17 09:06:00
DEMO-2026-09-17-001,TIMEOUT_END_SESSION,,CHAT_DEMO,2026-09-17 09:05:00,2026-09-17 09:07:00,2026-09-17 09:06:00
DEMO-2026-09-17-002,KAI_END_SESSION,AGENT2,CHAT_DEMO,2026-09-17 09:10:00,2026-09-17 09:12:00,2026-09-17 09:11:00
DEMO-2026-09-17-002,KAI_END_SESSION,,CHAT_DEMO,2026-09-17 09:10:00,2026-09-17 09:11:00,2026-09-17 09:11:00
DEMO-2026-09-17-002,KAI_END_SESSION,,CHAT_DEMO,2026-09-17 09:10:00,2026-09-17 09:12:00,2026-09-17 09:11:00
DEMO-2026-09-17-003,BLANK_CHAT_CUSTOMER,AGENT3,CHAT_DEMO,2026-09-17 09:15:00,2026-09-17 09:17:00,2026-09-17 09:16:00
DEMO-2026-09-17-003,BLANK_CHAT_CUSTOMER,,CHAT_DEMO,2026-09-17 09:15:00,2026-09-17 09:16:00,2026-09-17 09:16:00
DEMO-2026-09-17-004,OTHER_END_SESSION,AGENT4,CHAT_DEMO,2026-09-17 09:20:00,2026-09-17 09:22:00,2026-09-17 09:21:00
DEMO-2026-09-17-004,OTHER_END_SESSION,,CHAT_DEMO,2026-09-17 09:20:00,2026-09-17 09:21:00,2026-09-17 09:21:00
DEMO-2026-09-17-004,OTHER_END_SESSION,,CHAT_DEMO,2026-09-17 09:20:00,2026-09-17 09:22:00,2026-09-17 09:21:00
DEMO-2026-09-17-005,OTHER_END_SESSION,AGENT5,CHAT_DEMO,2026-09-17 09:25:00,2026-09-17 09:27:00,2026-09-17 09:26:00
DEMO-2026-09-17-005,OTHER_END_SESSION,,CHAT_DEMO,2026-09-17 09:25:00,2026-09-17 09:26:00,2026-09-17 09:26:00
DEMO-2026-09-17-005,OTHER_END_SESSION,,CHAT_DEMO,2026-09-17 09:25:00,2026-09-17 09:27:00,2026-09-17 09:26:00
DEMO-2026-09-17-006,OTHER_END_SESSION,AGENT6,CHAT_DEMO,2026-09-17 09:30:00,2026-09-17 09:32:00,2026-09-17 09:31:00
DEMO-2026-09-17-006,OTHER_END_SESSION,,CHAT_DEMO,2026-09-17 09:30:00,2026-09-17 09:31:00,2026-09-17 09:31:00
DEMO-2026-09-17-006,OTHER_END_SESSION,,CHAT_DEMO,2026-09-17 09:30:00,2026-09-17 09:32:00,2026-09-17 09:31:00
DEMO-2026-09-18-001,TIMEOUT_END_SESSION,AGENT1,CHAT_DEMO,2026-09-18 09:05:00,2026-09-18 09:07:00,2026-09-18 09:06:00
DEMO-2026-09-18-001,TIMEOUT_END_SESSION,,CHAT_DEMO,2026-09-18 09:05:00,2026-09-18 09:06:00,2026-09-18 09:06:00
DEMO-2026-09-18-001,TIMEOUT_END_SESSION,,CHAT_DEMO,2026-09-18 09:05:00,2026-09-18 09:07:00,2026-09-18 09:06:00
DEMO-2026-09-18-002,KAI_END_SESSION,AGENT2,CHAT_DEMO,2026-09-18 09:10:00,2026-09-18 09:12:00,2026-09-18 09:11:00
DEMO-2026-09-18-002,KAI_END_SESSION,,CHAT_DEMO,2026-09-18 09:10:00,2026-09-18 09:11:00,2026-09-18 09:11:00
DEMO-2026-09-18-002,KAI_END_SESSION,,CHAT_DEMO,2026-09-18 09:10:00,2026-09-18 09:12:00,2026-09-18 09:11:00
DEMO-2026-09-18-003,BLANK_CHAT_CUSTOMER,AGENT3,CHAT_DEMO,2026-09-18 09:15:00,2026-09-18 09:17:00,2026-09-18 09:16:00
DEMO-2026-09-18-003,BLANK_CHAT_CUSTOMER,,CHAT_DEMO,2026-09-18 09:15:00,2026-09-18 09:16:00,2026-09-18 09:16:00
DEMO-2026-09-18-004,OTHER_END_SESSION,AGENT4,CHAT_DEMO,2026-09-18 09:20:00,2026-09-18 09:22:00,2026-09-18 09:21:00
DEMO-2026-09-18-004,OTHER_END_SESSION,,CHAT_DEMO,2026-09-18 09:20:00,2026-09-18 09:21:00,2026-09-18 09:21:00
DEMO-2026-09-18-004,OTHER_END_SESSION,,CHAT_DEMO,2026-09-18 09:20:00,2026-09-18 09:22:00,2026-09-18 09:21:00
DEMO-2026-09-18-005,OTHER_END_SESSION,AGENT5,CHAT_DEMO,2026-09-18 09:25:00,2026-09-18 09:27:00,2026-09-18 09:26:00
DEMO-2026-09-18-005,OTHER_END_SESSION,,CHAT_DEMO,2026-09-18 09:25:00,2026-09-18 09:26:00,2026-09-18 09:26:00
DEMO-2026-09-18-005,OTHER_END_SESSION,,CHAT_DEMO,2026-09-18 09:25:00,2026-09-18 09:27:00,2026-09-18 09:26:00
DEMO-2026-09-18-006,OTHER_END_SESSION,AGENT6,CHAT_DEMO,2026-09-18 09:30:00,2026-09-18 09:32:00,2026-09-18 09:31:00
DEMO-2026-09-18-006,OTHER_END_SESSION,,CHAT_DEMO,2026-09-18 09:30:00,2026-09-18 09:31:00,2026-09-18 09:31:00
DEMO-2026-09-18-006,OTHER_END_SESSION,,CHAT_DEMO,2026-09-18 09:30:00,2026-09-18 09:32:00,2026-09-18 09:31:00
DEMO-2026-09-19-001,TIMEOUT_END_SESSION,AGENT1,CHAT_DEMO,2026-09-19 09:05:00,2026-09-19 09:07:00,2026-09-19 09:06:00
DEMO-2026-09-19-001,TIMEOUT_END_SESSION,,CHAT_DEMO,2026-09-19 09:05:00,2026-09-19 09:06:00,2026-09-19 09:06:00
DEMO-2026-09-19-001,TIMEOUT_END_SESSION,,CHAT_DEMO,2026-09-19 09:05:00,2026-09-19 09:07:00,2026-09-19 09:06:00
DEMO-2026-09-19-002,KAI_END_SESSION,AGENT2,CHAT_DEMO,2026-09-19 09:10:00,2026-09-19 09:12:00,2026-09-19 09:11:00
DEMO-2026-09-19-002,KAI_END_SESSION,,CHAT_DEMO,2026-09-19 09:10:00,2026-09-19 09:11:00,2026-09-19 09:11:00
DEMO-2026-09-19-002,KAI_END_SESSION,,CHAT_DEMO,2026-09-19 09:10:00,2026-09-19 09:12:00,2026-09-19 09:11:00
DEMO-2026-09-19-003,BLANK_CHAT_CUSTOMER,AGENT3,CHAT_DEMO,2026-09-19 09:15:00,2026-09-19 09:17:00,2026-09-19 09:16:00
DEMO-2026-09-19-003,BLANK_CHAT_CUSTOMER,,CHAT_DEMO,2026-09-19 09:15:00,2026-09-19 09:16:00,2026-09-19 09:16:00
DEMO-2026-09-19-004,OTHER_END_SESSION,AGENT4,CHAT_DEMO,2026-09-19 09:20:00,2026-09-19 09:22:00,2026-09-19 09:21:00
DEMO-2026-09-19-004,OTHER_END_SESSION,,CHAT_DEMO,2026-09-19 09:20:00,2026-09-19 09:21:00,2026-09-19 09:21:00
DEMO-2026-09-19-004,OTHER_END_SESSION,,CHAT_DEMO,2026-09-19 09:20:00,2026-09-19 09:22:00,2026-09-19 09:21:00
DEMO-2026-09-19-005,OTHER_END_SESSION,AGENT5,CHAT_DEMO,2026-09-19 09:25:00,2026-09-19 09:27:00,2026-09-19 09:26:00
DEMO-2026-09-19-005,OTHER_END_SESSION,,CHAT_DEMO,2026-09-19 09:25:00,2026-09-19 09:26:00,2026-09-19 09:26:00
DEMO-2026-09-19-005,OTHER_END_SESSION,,CHAT_DEMO,2026-09-19 09:25:00,2026-09-19 09:27:00,2026-09-19 09:26:00
DEMO-2026-09-19-006,OTHER_END_SESSION,AGENT6,CHAT_DEMO,2026-09-19 09:30:00,2026-09-19 09:32:00,2026-09-19 09:31:00
DEMO-2026-09-19-006,OTHER_END_SESSION,,CHAT_DEMO,2026-09-19 09:30:00,2026-09-19 09:31:00,2026-09-19 09:31:00
DEMO-2026-09-19-006,OTHER_END_SESSION,,CHAT_DEMO,2026-09-19 09:30:00,2026-09-19 09:32:00,2026-09-19 09:31:00
DEMO-2026-09-20-001,TIMEOUT_END_SESSION,AGENT1,CHAT_DEMO,2026-09-20 09:05:00,2026-09-20 09:07:00,2026-09-20 09:06:00
DEMO-2026-09-20-001,TIMEOUT_END_SESSION,,CHAT_DEMO,2026-09-20 09:05:00,2026-09-20 09:06:00,2026-09-20 09:06:00
DEMO-2026-09-20-001,TIMEOUT_END_SESSION,,CHAT_DEMO,2026-09-20 09:05:00,2026-09-20 09:07:00,2026-09-20 09:06:00
DEMO-2026-09-20-002,KAI_END_SESSION,AGENT2,CHAT_DEMO,2026-09-20 09:10:00,2026-09-20 09:12:00,2026-09-20 09:11:00
DEMO-2026-09-20-002,KAI_END_SESSION,,CHAT_DEMO,2026-09-20 09:10:00,2026-09-20 09:11:00,2026-09-20 09:11:00
DEMO-2026-09-20-002,KAI_END_SESSION,,CHAT_DEMO,2026-09-20 09:10:00,2026-09-20 09:12:00,2026-09-20 09:11:00
DEMO-2026-09-20-003,BLANK_CHAT_CUSTOMER,AGENT3,CHAT_DEMO,2026-09-20 09:15:00,2026-09-20 09:17:00,2026-09-20 09:16:00
DEMO-2026-09-20-003,BLANK_CHAT_CUSTOMER,,CHAT_DEMO,2026-09-20 09:15:00,2026-09-20 09:16:00,2026-09-20 09:16:00
DEMO-2026-09-20-004,OTHER_END_SESSION,AGENT4,CHAT_DEMO,2026-09-20 09:20:00,2026-09-20 09:22:00,2026-09-20 09:21:00
DEMO-2026-09-20-004,OTHER_END_SESSION,,CHAT_DEMO,2026-09-20 09:20:00,2026-09-20 09:21:00,2026-09-20 09:21:00
DEMO-2026-09-20-004,OTHER_END_SESSION,,CHAT_DEMO,2026-09-20 09:20:00,2026-09-20 09:22:00,2026-09-20 09:21:00
DEMO-2026-09-20-005,OTHER_END_SESSION,AGENT5,CHAT_DEMO,2026-09-20 09:25:00,2026-09-20 09:27:00,2026-09-20 09:26:00
DEMO-2026-09-20-005,OTHER_END_SESSION,,CHAT_DEMO,2026-09-20 09:25:00,2026-09-20 09:26:00,2026-09-20 09:26:00
DEMO-2026-09-20-005,OTHER_END_SESSION,,CHAT_DEMO,2026-09-20 09:25:00,2026-09-20 09:27:00,2026-09-20 09:26:00
DEMO-2026-09-20-006,OTHER_END_SESSION,AGENT6,CHAT_DEMO,2026-09-20 09:30:00,2026-09-20 09:32:00,2026-09-20 09:31:00
DEMO-2026-09-20-006,OTHER_END_SESSION,,CHAT_DEMO,2026-09-20 09:30:00,2026-09-20 09:31:00,2026-09-20 09:31:00
DEMO-2026-09-20-006,OTHER_END_SESSION,,CHAT_DEMO,2026-09-20 09:30:00,2026-09-20 09:32:00,2026-09-20 09:31:00
DEMO-2026-09-21-001,TIMEOUT_END_SESSION,AGENT1,CHAT_DEMO,2026-09-21 09:05:00,2026-09-21 09:07:00,2026-09-21 09:06:00
DEMO-2026-09-21-001,TIMEOUT_END_SESSION,,CHAT_DEMO,2026-09-21 09:05:00,2026-09-21 09:06:00,2026-09-21 09:06:00
DEMO-2026-09-21-001,TIMEOUT_END_SESSION,,CHAT_DEMO,2026-09-21 09:05:00,2026-09-21 09:07:00,2026-09-21 09:06:00
DEMO-2026-09-21-002,KAI_END_SESSION,AGENT2,CHAT_DEMO,2026-09-21 09:10:00,2026-09-21 09:12:00,2026-09-21 09:11:00
DEMO-2026-09-21-002,KAI_END_SESSION,,CHAT_DEMO,2026-09-21 09:10:00,2026-09-21 09:11:00,2026-09-21 09:11:00
DEMO-2026-09-21-002,KAI_END_SESSION,,CHAT_DEMO,2026-09-21 09:10:00,2026-09-21 09:12:00,2026-09-21 09:11:00
DEMO-2026-09-21-003,BLANK_CHAT_CUSTOMER,AGENT3,CHAT_DEMO,2026-09-21 09:15:00,2026-09-21 09:17:00,2026-09-21 09:16:00
DEMO-2026-09-21-003,BLANK_CHAT_CUSTOMER,,CHAT_DEMO,2026-09-21 09:15:00,2026-09-21 09:16:00,2026-09-21 09:16:00
DEMO-2026-09-21-004,OTHER_END_SESSION,AGENT4,CHAT_DEMO,2026-09-21 09:20:00,2026-09-21 09:22:00,2026-09-21 09:21:00
DEMO-2026-09-21-004,OTHER_END_SESSION,,CHAT_DEMO,2026-09-21 09:20:00,2026-09-21 09:21:00,2026-09-21 09:21:00
DEMO-2026-09-21-004,OTHER_END_SESSION,,CHAT_DEMO,2026-09-21 09:20:00,2026-09-21 09:22:00,2026-09-21 09:21:00
DEMO-2026-09-21-005,OTHER_END_SESSION,AGENT5,CHAT_DEMO,2026-09-21 09:25:00,2026-09-21 09:27:00,2026-09-21 09:26:00
DEMO-2026-09-21-005,OTHER_END_SESSION,,CHAT_DEMO,2026-09-21 09:25:00,2026-09-21 09:26:00,2026-09-21 09:26:00
DEMO-2026-09-21-005,OTHER_END_SESSION,,CHAT_DEMO,2026-09-21 09:25:00,2026-09-21 09:27:00,2026-09-21 09:26:00
DEMO-2026-09-21-006,OTHER_END_SESSION,AGENT6,CHAT_DEMO,2026-09-21 09:30:00,2026-09-21 09:32:00,2026-09-21 09:31:00
DEMO-2026-09-21-006,OTHER_END_SESSION,,CHAT_DEMO,2026-09-21 09:30:00,2026-09-21 09:31:00,2026-09-21 09:31:00
DEMO-2026-09-21-006,OTHER_END_SESSION,,CHAT_DEMO,2026-09-21 09:30:00,2026-09-21 09:32:00,2026-09-21 09:31:00
DEMO-2026-09-22-001,TIMEOUT_END_SESSION,AGENT1,CHAT_DEMO,2026-09-22 09:05:00,2026-09-22 09:07:00,2026-09-22 09:06:00
DEMO-2026-09-22-001,TIMEOUT_END_SESSION,,CHAT_DEMO,2026-09-22 09:05:00,2026-09-22 09:06:00,2026-09-22 09:06:00
DEMO-2026-09-22-001,TIMEOUT_END_SESSION,,CHAT_DEMO,2026-09-22 09:05:00,2026-09-22 09:07:00,2026-09-22 09:06:00
DEMO-2026-09-22-002,KAI_END_SESSION,AGENT2,CHAT_DEMO,2026-09-22 09:10:00,2026-09-22 09:12:00,2026-09-22 09:11:00
DEMO-2026-09-22-002,KAI_END_SESSION,,CHAT_DEMO,2026-09-22 09:10:00,2026-09-22 09:11:00,2026-09-22 09:11:00
DEMO-2026-09-22-002,KAI_END_SESSION,,CHAT_DEMO,2026-09-22 09:10:00,2026-09-22 09:12:00,2026-09-22 09:11:00
DEMO-2026-09-22-003,BLANK_CHAT_CUSTOMER,AGENT3,CHAT_DEMO,2026-09-22 09:15:00,2026-09-22 09:17:00,2026-09-22 09:16:00
DEMO-2026-09-22-003,BLANK_CHAT_CUSTOMER,,CHAT_DEMO,2026-09-22 09:15:00,2026-09-22 09:16:00,2026-09-22 09:16:00
DEMO-2026-09-22-004,OTHER_END_SESSION,AGENT4,CHAT_DEMO,2026-09-22 09:20:00,2026-09-22 09:22:00,2026-09-22 09:21:00
DEMO-2026-09-22-004,OTHER_END_SESSION,,CHAT_DEMO,2026-09-22 09:20:00,2026-09-22 09:21:00,2026-09-22 09:21:00
DEMO-2026-09-22-004,OTHER_END_SESSION,,CHAT_DEMO,2026-09-22 09:20:00,2026-09-22 09:22:00,2026-09-22 09:21:00
DEMO-2026-09-22-005,OTHER_END_SESSION,AGENT5,CHAT_DEMO,2026-09-22 09:25:00,2026-09-22 09:27:00,2026-09-22 09:26:00
DEMO-2026-09-22-005,OTHER_END_SESSION,,CHAT_DEMO,2026-09-22 09:25:00,2026-09-22 09:26:00,2026-09-22 09:26:00
DEMO-2026-09-22-005,OTHER_END_SESSION,,CHAT_DEMO,2026-09-22 09:25:00,2026-09-22 09:27:00,2026-09-22 09:26:00
DEMO-2026-09-22-006,OTHER_END_SESSION,AGENT6,CHAT_DEMO,2026-09-22 09:30:00,2026-09-22 09:32:00,2026-09-22 09:31:00
DEMO-2026-09-22-006,OTHER_END_SESSION,,CHAT_DEMO,2026-09-22 09:30:00,2026-09-22 09:31:00,2026-09-22 09:31:00
DEMO-2026-09-22-006,OTHER_END_SESSION,,CHAT_DEMO,2026-09-22 09:30:00,2026-09-22 09:32:00,2026-09-22 09:31:00
DEMO-2026-09-23-001,TIMEOUT_END_SESSION,AGENT1,CHAT_DEMO,2026-09-23 09:05:00,2026-09-23 09:07:00,2026-09-23 09:06:00
DEMO-2026-09-23-001,TIMEOUT_END_SESSION,,CHAT_DEMO,2026-09-23 09:05:00,2026-09-23 09:06:00,2026-09-23 09:06:00
DEMO-2026-09-23-001,TIMEOUT_END_SESSION,,CHAT_DEMO,2026-09-23 09:05:00,2026-09-23 09:07:00,2026-09-23 09:06:00
DEMO-2026-09-23-002,KAI_END_SESSION,AGENT2,CHAT_DEMO,2026-09-23 09:10:00,2026-09-23 09:12:00,2026-09-23 09:11:00
DEMO-2026-09-23-002,KAI_END_SESSION,,CHAT_DEMO,2026-09-23 09:10:00,2026-09-23 09:11:00,2026-09-23 09:11:00
DEMO-2026-09-23-002,KAI_END_SESSION,,CHAT_DEMO,2026-09-23 09:10:00,2026-09-23 09:12:00,2026-09-23 09:11:00
DEMO-2026-09-23-003,BLANK_CHAT_CUSTOMER,AGENT3,CHAT_DEMO,2026-09-23 09:15:00,2026-09-23 09:17:00,2026-09-23 09:16:00
DEMO-2026-09-23-003,BLANK_CHAT_CUSTOMER,,CHAT_DEMO,2026-09-23 09:15:00,2026-09-23 09:16:00,2026-09-23 09:16:00
DEMO-2026-09-23-004,OTHER_END_SESSION,AGENT4,CHAT_DEMO,2026-09-23 09:20:00,2026-09-23 09:22:00,2026-09-23 09:21:00
DEMO-2026-09-23-004,OTHER_END_SESSION,,CHAT_DEMO,2026-09-23 09:20:00,2026-09-23 09:21:00,2026-09-23 09:21:00
DEMO-2026-09-23-004,OTHER_END_SESSION,,CHAT_DEMO,2026-09-23 09:20:00,2026-09-23 09:22:00,2026-09-23 09:21:00
DEMO-2026-09-23-005,OTHER_END_SESSION,AGENT5,CHAT_DEMO,2026-09-23 09:25:00,2026-09-23 09:27:00,2026-09-23 09:26:00
DEMO-2026-09-23-005,OTHER_END_SESSION,,CHAT_DEMO,2026-09-23 09:25:00,2026-09-23 09:26:00,2026-09-23 09:26:00
DEMO-2026-09-23-005,OTHER_END_SESSION,,CHAT_DEMO,2026-09-23 09:25:00,2026-09-23 09:27:00,2026-09-23 09:26:00
DEMO-2026-09-23-006,OTHER_END_SESSION,AGENT6,CHAT_DEMO,2026-09-23 09:30:00,2026-09-23 09:32:00,2026-09-23 09:31:00
DEMO-2026-09-23-006,OTHER_END_SESSION,,CHAT_DEMO,2026-09-23 09:30:00,2026-09-23 09:31:00,2026-09-23 09:31:00
DEMO-2026-09-23-006,OTHER_END_SESSION,,CHAT_DEMO,2026-09-23 09:30:00,2026-09-23 09:32:00,2026-09-23 09:31:00
DEMO-2026-09-24-001,TIMEOUT_END_SESSION,AGENT1,CHAT_DEMO,2026-09-24 09:05:00,2026-09-24 09:07:00,2026-09-24 09:06:00
DEMO-2026-09-24-001,TIMEOUT_END_SESSION,,CHAT_DEMO,2026-09-24 09:05:00,2026-09-24 09:06:00,2026-09-24 09:06:00
DEMO-2026-09-24-001,TIMEOUT_END_SESSION,,CHAT_DEMO,2026-09-24 09:05:00,2026-09-24 09:07:00,2026-09-24 09:06:00
DEMO-2026-09-24-002,KAI_END_SESSION,AGENT2,CHAT_DEMO,2026-09-24 09:10:00,2026-09-24 09:12:00,2026-09-24 09:11:00
DEMO-2026-09-24-002,KAI_END_SESSION,,CHAT_DEMO,2026-09-24 09:10:00,2026-09-24 09:11:00,2026-09-24 09:11:00
DEMO-2026-09-24-002,KAI_END_SESSION,,CHAT_DEMO,2026-09-24 09:10:00,2026-09-24 09:12:00,2026-09-24 09:11:00
DEMO-2026-09-24-003,BLANK_CHAT_CUSTOMER,AGENT3,CHAT_DEMO,2026-09-24 09:15:00,2026-09-24 09:17:00,2026-09-24 09:16:00
DEMO-2026-09-24-003,BLANK_CHAT_CUSTOMER,,CHAT_DEMO,2026-09-24 09:15:00,2026-09-24 09:16:00,2026-09-24 09:16:00
DEMO-2026-09-24-004,OTHER_END_SESSION,AGENT4,CHAT_DEMO,2026-09-24 09:20:00,2026-09-24 09:22:00,2026-09-24 09:21:00
DEMO-2026-09-24-004,OTHER_END_SESSION,,CHAT_DEMO,2026-09-24 09:20:00,2026-09-24 09:21:00,2026-09-24 09:21:00
DEMO-2026-09-24-004,OTHER_END_SESSION,,CHAT_DEMO,2026-09-24 09:20:00,2026-09-24 09:22:00,2026-09-24 09:21:00
DEMO-2026-09-24-005,OTHER_END_SESSION,AGENT5,CHAT_DEMO,2026-09-24 09:25:00,2026-09-24 09:27:00,2026-09-24 09:26:00
DEMO-2026-09-24-005,OTHER_END_SESSION,,CHAT_DEMO,2026-09-24 09:25:00,2026-09-24 09:26:00,2026-09-24 09:26:00
DEMO-2026-09-24-005,OTHER_END_SESSION,,CHAT_DEMO,2026-09-24 09:25:00,2026-09-24 09:27:00,2026-09-24 09:26:00
DEMO-2026-09-24-006,OTHER_END_SESSION,AGENT6,CHAT_DEMO,2026-09-24 09:30:00,2026-09-24 09:32:00,2026-09-24 09:31:00
DEMO-2026-09-24-006,OTHER_END_SESSION,,CHAT_DEMO,2026-09-24 09:30:00,2026-09-24 09:31:00,2026-09-24 09:31:00
DEMO-2026-09-24-006,OTHER_END_SESSION,,CHAT_DEMO,2026-09-24 09:30:00,2026-09-24 09:32:00,2026-09-24 09:31:00
DEMO-2026-09-25-001,TIMEOUT_END_SESSION,AGENT1,CHAT_DEMO,2026-09-25 09:05:00,2026-09-25 09:07:00,2026-09-25 09:06:00
DEMO-2026-09-25-001,TIMEOUT_END_SESSION,,CHAT_DEMO,2026-09-25 09:05:00,2026-09-25 09:06:00,2026-09-25 09:06:00
DEMO-2026-09-25-001,TIMEOUT_END_SESSION,,CHAT_DEMO,2026-09-25 09:05:00,2026-09-25 09:07:00,2026-09-25 09:06:00
DEMO-2026-09-25-002,KAI_END_SESSION,AGENT2,CHAT_DEMO,2026-09-25 09:10:00,2026-09-25 09:12:00,2026-09-25 09:11:00
DEMO-2026-09-25-002,KAI_END_SESSION,,CHAT_DEMO,2026-09-25 09:10:00,2026-09-25 09:11:00,2026-09-25 09:11:00
DEMO-2026-09-25-002,KAI_END_SESSION,,CHAT_DEMO,2026-09-25 09:10:00,2026-09-25 09:12:00,2026-09-25 09:11:00
DEMO-2026-09-25-003,BLANK_CHAT_CUSTOMER,AGENT3,CHAT_DEMO,2026-09-25 09:15:00,2026-09-25 09:17:00,2026-09-25 09:16:00
DEMO-2026-09-25-003,BLANK_CHAT_CUSTOMER,,CHAT_DEMO,2026-09-25 09:15:00,2026-09-25 09:16:00,2026-09-25 09:16:00
DEMO-2026-09-25-004,OTHER_END_SESSION,AGENT4,CHAT_DEMO,2026-09-25 09:20:00,2026-09-25 09:22:00,2026-09-25 09:21:00
DEMO-2026-09-25-004,OTHER_END_SESSION,,CHAT_DEMO,2026-09-25 09:20:00,2026-09-25 09:21:00,2026-09-25 09:21:00
DEMO-2026-09-25-004,OTHER_END_SESSION,,CHAT_DEMO,2026-09-25 09:20:00,2026-09-25 09:22:00,2026-09-25 09:21:00
DEMO-2026-09-25-005,OTHER_END_SESSION,AGENT5,CHAT_DEMO,2026-09-25 09:25:00,2026-09-25 09:27:00,2026-09-25 09:26:00
DEMO-2026-09-25-005,OTHER_END_SESSION,,CHAT_DEMO,2026-09-25 09:25:00,2026-09-25 09:26:00,2026-09-25 09:26:00
DEMO-2026-09-25-005,OTHER_END_SESSION,,CHAT_DEMO,2026-09-25 09:25:00,2026-09-25 09:27:00,2026-09-25 09:26:00
DEMO-2026-09-25-006,OTHER_END_SESSION,AGENT6,CHAT_DEMO,2026-09-25 09:30:00,2026-09-25 09:32:00,2026-09-25 09:31:00
DEMO-2026-09-25-006,OTHER_END_SESSION,,CHAT_DEMO,2026-09-25 09:30:00,2026-09-25 09:31:00,2026-09-25 09:31:00
DEMO-2026-09-25-006,OTHER_END_SESSION,,CHAT_DEMO,2026-09-25 09:30:00,2026-09-25 09:32:00,2026-09-25 09:31:00
DEMO-2026-09-26-001,TIMEOUT_END_SESSION,AGENT1,CHAT_DEMO,2026-09-26 09:05:00,2026-09-26 09:07:00,2026-09-26 09:06:00
DEMO-2026-09-26-001,TIMEOUT_END_SESSION,,CHAT_DEMO,2026-09-26 09:05:00,2026-09-26 09:06:00,2026-09-26 09:06:00
DEMO-2026-09-26-001,TIMEOUT_END_SESSION,,CHAT_DEMO,2026-09-26 09:05:00,2026-09-26 09:07:00,2026-09-26 09:06:00
DEMO-2026-09-26-002,KAI_END_SESSION,AGENT2,CHAT_DEMO,2026-09-26 09:10:00,2026-09-26 09:12:00,2026-09-26 09:11:00
DEMO-2026-09-26-002,KAI_END_SESSION,,CHAT_DEMO,2026-09-26 09:10:00,2026-09-26 09:11:00,2026-09-26 09:11:00
DEMO-2026-09-26-002,KAI_END_SESSION,,CHAT_DEMO,2026-09-26 09:10:00,2026-09-26 09:12:00,2026-09-26 09:11:00
DEMO-2026-09-26-003,BLANK_CHAT_CUSTOMER,AGENT3,CHAT_DEMO,2026-09-26 09:15:00,2026-09-26 09:17:00,2026-09-26 09:16:00
DEMO-2026-09-26-003,BLANK_CHAT_CUSTOMER,,CHAT_DEMO,2026-09-26 09:15:00,2026-09-26 09:16:00,2026-09-26 09:16:00
DEMO-2026-09-26-004,OTHER_END_SESSION,AGENT4,CHAT_DEMO,2026-09-26 09:20:00,2026-09-26 09:22:00,2026-09-26 09:21:00
DEMO-2026-09-26-004,OTHER_END_SESSION,,CHAT_DEMO,2026-09-26 09:20:00,2026-09-26 09:21:00,2026-09-26 09:21:00
DEMO-2026-09-26-004,OTHER_END_SESSION,,CHAT_DEMO,2026-09-26 09:20:00,2026-09-26 09:22:00,2026-09-26 09:21:00
DEMO-2026-09-26-005,OTHER_END_SESSION,AGENT5,CHAT_DEMO,2026-09-26 09:25:00,2026-09-26 09:27:00,2026-09-26 09:26:00
DEMO-2026-09-26-005,OTHER_END_SESSION,,CHAT_DEMO,2026-09-26 09:25:00,2026-09-26 09:26:00,2026-09-26 09:26:00
DEMO-2026-09-26-005,OTHER_END_SESSION,,CHAT_DEMO,2026-09-26 09:25:00,2026-09-26 09:27:00,2026-09-26 09:26:00
DEMO-2026-09-26-006,OTHER_END_SESSION,AGENT6,CHAT_DEMO,2026-09-26 09:30:00,2026-09-26 09:32:00,2026-09-26 09:31:00
DEMO-2026-09-26-006,OTHER_END_SESSION,,CHAT_DEMO,2026-09-26 09:30:00,2026-09-26 09:31:00,2026-09-26 09:31:00
DEMO-2026-09-26-006,OTHER_END_SESSION,,CHAT_DEMO,2026-09-26 09:30:00,2026-09-26 09:32:00,2026-09-26 09:31:00
DEMO-2026-09-27-001,TIMEOUT_END_SESSION,AGENT1,CHAT_DEMO,2026-09-27 09:05:00,2026-09-27 09:07:00,2026-09-27 09:06:00
DEMO-2026-09-27-001,TIMEOUT_END_SESSION,,CHAT_DEMO,2026-09-27 09:05:00,2026-09-27 09:06:00,2026-09-27 09:06:00
DEMO-2026-09-27-001,TIMEOUT_END_SESSION,,CHAT_DEMO,2026-09-27 09:05:00,2026-09-27 09:07:00,2026-09-27 09:06:00
DEMO-2026-09-27-002,KAI_END_SESSION,AGENT2,CHAT_DEMO,2026-09-27 09:10:00,2026-09-27 09:12:00,2026-09-27 09:11:00
DEMO-2026-09-27-002,KAI_END_SESSION,,CHAT_DEMO,2026-09-27 09:10:00,2026-09-27 09:11:00,2026-09-27 09:11:00
DEMO-2026-09-27-002,KAI_END_SESSION,,CHAT_DEMO,2026-09-27 09:10:00,2026-09-27 09:12:00,2026-09-27 09:11:00
DEMO-2026-09-27-003,BLANK_CHAT_CUSTOMER,AGENT3,CHAT_DEMO,2026-09-27 09:15:00,2026-09-27 09:17:00,2026-09-27 09:16:00
DEMO-2026-09-27-003,BLANK_CHAT_CUSTOMER,,CHAT_DEMO,2026-09-27 09:15:00,2026-09-27 09:16:00,2026-09-27 09:16:00
DEMO-2026-09-27-004,OTHER_END_SESSION,AGENT4,CHAT_DEMO,2026-09-27 09:20:00,2026-09-27 09:22:00,2026-09-27 09:21:00
DEMO-2026-09-27-004,OTHER_END_SESSION,,CHAT_DEMO,2026-09-27 09:20:00,2026-09-27 09:21:00,2026-09-27 09:21:00
DEMO-2026-09-27-004,OTHER_END_SESSION,,CHAT_DEMO,2026-09-27 09:20:00,2026-09-27 09:22:00,2026-09-27 09:21:00
DEMO-2026-09-27-005,OTHER_END_SESSION,AGENT5,CHAT_DEMO,2026-09-27 09:25:00,2026-09-27 09:27:00,2026-09-27 09:26:00
DEMO-2026-09-27-005,OTHER_END_SESSION,,CHAT_DEMO,2026-09-27 09:25:00,2026-09-27 09:26:00,2026-09-27 09:26:00
DEMO-2026-09-27-005,OTHER_END_SESSION,,CHAT_DEMO,2026-09-27 09:25:00,2026-09-27 09:27:00,2026-09-27 09:26:00
DEMO-2026-09-27-006,OTHER_END_SESSION,AGENT6,CHAT_DEMO,2026-09-27 09:30:00,2026-09-27 09:32:00,2026-09-27 09:31:00
DEMO-2026-09-27-006,OTHER_END_SESSION,,CHAT_DEMO,2026-09-27 09:30:00,2026-09-27 09:31:00,2026-09-27 09:31:00
DEMO-2026-09-27-006,OTHER_END_SESSION,,CHAT_DEMO,2026-09-27 09:30:00,2026-09-27 09:32:00,2026-09-27 09:31:00
DEMO-2026-09-28-001,TIMEOUT_END_SESSION,AGENT1,CHAT_DEMO,2026-09-28 09:05:00,2026-09-28 09:07:00,2026-09-28 09:06:00
DEMO-2026-09-28-001,TIMEOUT_END_SESSION,,CHAT_DEMO,2026-09-28 09:05:00,2026-09-28 09:06:00,2026-09-28 09:06:00
DEMO-2026-09-28-001,TIMEOUT_END_SESSION,,CHAT_DEMO,2026-09-28 09:05:00,2026-09-28 09:07:00,2026-09-28 09:06:00
DEMO-2026-09-28-002,KAI_END_SESSION,AGENT2,CHAT_DEMO,2026-09-28 09:10:00,2026-09-28 09:12:00,2026-09-28 09:11:00
DEMO-2026-09-28-002,KAI_END_SESSION,,CHAT_DEMO,2026-09-28 09:10:00,2026-09-28 09:11:00,2026-09-28 09:11:00
DEMO-2026-09-28-002,KAI_END_SESSION,,CHAT_DEMO,2026-09-28 09:10:00,2026-09-28 09:12:00,2026-09-28 09:11:00
DEMO-2026-09-28-003,BLANK_CHAT_CUSTOMER,AGENT3,CHAT_DEMO,2026-09-28 09:15:00,2026-09-28 09:17:00,2026-09-28 09:16:00
DEMO-2026-09-28-003,BLANK_CHAT_CUSTOMER,,CHAT_DEMO,2026-09-28 09:15:00,2026-09-28 09:16:00,2026-09-28 09:16:00
DEMO-2026-09-28-004,KAI_END_SESSION,AGENT4,CHAT_DEMO,2026-09-28 09:20:00,2026-09-28 09:22:00,2026-09-28 09:21:00
DEMO-2026-09-28-004,KAI_END_SESSION,,CHAT_DEMO,2026-09-28 09:20:00,2026-09-28 09:21:00,2026-09-28 09:21:00
DEMO-2026-09-28-004,KAI_END_SESSION,,CHAT_DEMO,2026-09-28 09:20:00,2026-09-28 09:22:00,2026-09-28 09:21:00
DEMO-2026-09-28-005,OTHER_END_SESSION,AGENT5,CHAT_DEMO,2026-09-28 09:25:00,2026-09-28 09:27:00,2026-09-28 09:26:00
DEMO-2026-09-28-005,OTHER_END_SESSION,,CHAT_DEMO,2026-09-28 09:25:00,2026-09-28 09:26:00,2026-09-28 09:26:00
DEMO-2026-09-28-005,OTHER_END_SESSION,,CHAT_DEMO,2026-09-28 09:25:00,2026-09-28 09:27:00,2026-09-28 09:26:00
DEMO-2026-09-28-006,OTHER_END_SESSION,AGENT6,CHAT_DEMO,2026-09-28 09:30:00,2026-09-28 09:32:00,2026-09-28 09:31:00
DEMO-2026-09-28-006,OTHER_END_SESSION,,CHAT_DEMO,2026-09-28 09:30:00,2026-09-28 09:31:00,2026-09-28 09:31:00
DEMO-2026-09-28-006,OTHER_END_SESSION,,CHAT_DEMO,2026-09-28 09:30:00,2026-09-28 09:32:00,2026-09-28 09:31:00
